{
  "project_info": {
    "project_number": "880673468433",
    "project_id": "aquasave-d5d11",
    "storage_bucket": "aquasave-d5d11.appspot.com"
  },
  "client": [
    {
      "client_info": {
        "mobilesdk_app_id": "1:880673468433:android:279d4fa3339dc3a6cb01b0",
        "android_client_info": {
          "package_name": "com.example.aquvasave"
        }
      },
      "oauth_client": [],
      "api_key": [
        {
          "current_key": "AIzaSyC5ZctZZNHtmTYZIdAyw-b_8pS4oNtbna4"
        }
      ],
      "services": {
        "appinvite_service": {
          "other_platform_oauth_client": []
        }
      }
    }
  ],
  "configuration_version": "1"
}