[
 {
  "DISTRICT NAME": "Srikakulam",
  "STATE": "Andhra Pradesh",
  "LEVEL OF 2025": "500-1000m3",
  "SITUATION": "Scarcity"
 },
 {
  "DISTRICT NAME": "Vizianagaram",
  "STATE": "Andhra Pradesh",
  "LEVEL OF 2025": "500-1000m3",
  "SITUATION": "Scarcity"
 },
 {
  "DISTRICT NAME": "West Godavari",
  "STATE": "Andhra Pradesh",
  "LEVEL OF 2025": "500-1000m3",
  "SITUATION": "Scarcity"
 },
 {
  "DISTRICT NAME": "Krishna",
  "STATE": "Andhra Pradesh",
  "LEVEL OF 2025": "500-1000m3",
  "SITUATION": "Scarcity"
 },
 {
  "DISTRICT NAME": "Guntur",
  "STATE": "Andhra Pradesh",
  "LEVEL OF 2025": "500-1000m3",
  "SITUATION": "Scarcity"
 },
 {
  "DISTRICT NAME": "Prakasam",
  "STATE": "Andhra Pradesh",
  "LEVEL OF 2025": "500-1000m3",
  "SITUATION": "Scarcity"
 },
 {
  "DISTRICT NAME": "Kurnool",
  "STATE": "Andhra Pradesh",
  "LEVEL OF 2025": "500-1000m3",
  "SITUATION": "Scarcity"
 },
 {
  "DISTRICT NAME": "Anantapur",
  "STATE": "Andhra Pradesh",
  "LEVEL OF 2025": "500-1000m3",
  "SITUATION": "Scarcity"
 },
 {
  "DISTRICT NAME": "Chittoor",
  "STATE": "Andhra Pradesh",
  "LEVEL OF 2025": "<500m3",
  "SITUATION": "Absolute Scarcity"
 },
 {
  "DISTRICT NAME": "Visakhapatnam",
  "STATE": "Andhra Pradesh",
  "LEVEL OF 2025": "1000-1700m3",
  "SITUATION": "stress"
 },
 {
  "DISTRICT NAME": "East Godavari",
  "STATE": "Andhra Pradesh",
  "LEVEL OF 2025": "1000-1700m3",
  "SITUATION": "stress"
 },
 {
  "DISTRICT NAME": "Y.S.R.Kadapa",
  "STATE": "Andhra Pradesh",
  "LEVEL OF 2025": "<1700m3",
  "SITUATION": "no stress"
 },
 {
  "DISTRICT NAME": "S.P.S.Nellore",
  "STATE": "Andhra Pradesh",
  "LEVEL OF 2025": "<1700m3",
  "SITUATION": "no stress"
 },
 {
  "DISTRICT NAME": "Balrampur",
  "STATE": "Chhattisgarh",
  "LEVEL OF 2025": "500-1000m3",
  "SITUATION": "Scarcity"
 },
 {
  "DISTRICT NAME": "Koriya",
  "STATE": "Chhattisgarh",
  "LEVEL OF 2025": "500-1000m3",
  "SITUATION": "Scarcity"
 },
 {
  "DISTRICT NAME": "Surguja",
  "STATE": "Chhattisgarh",
  "LEVEL OF 2025": "500-1000m3",
  "SITUATION": "Scarcity"
 },
 {
  "DISTRICT NAME": "Surajpur",
  "STATE": "Chhattisgarh",
  "LEVEL OF 2025": "500-1000m3",
  "SITUATION": "Scarcity"
 },
 {
  "DISTRICT NAME": "Jashpur",
  "STATE": "Chhattisgarh",
  "LEVEL OF 2025": "1000-1700m3",
  "SITUATION": "stress"
 },
 {
  "DISTRICT NAME": "Raigarh",
  "STATE": "Chhattisgarh",
  "LEVEL OF 2025": "1000-1700m3",
  "SITUATION": "stress"
 },
 {
  "DISTRICT NAME": "Korba",
  "STATE": "Chhattisgarh",
  "LEVEL OF 2025": "1000-1700m3",
  "SITUATION": "stress"
 },
 {
  "DISTRICT NAME": "Bilaspur",
  "STATE": "Chhattisgarh",
  "LEVEL OF 2025": "1000-1700m3",
  "SITUATION": "stress"
 },
 {
  "DISTRICT NAME": "Mungeli",
  "STATE": "Chhattisgarh",
  "LEVEL OF 2025": "1000-1700m3",
  "SITUATION": "stress"
 },
 {
  "DISTRICT NAME": "Baloda Bazar",
  "STATE": "Chhattisgarh",
  "LEVEL OF 2025": "1000-1700m3",
  "SITUATION": "stress"
 },
 {
  "DISTRICT NAME": "Raipur",
  "STATE": "Chhattisgarh",
  "LEVEL OF 2025": "1000-1700m3",
  "SITUATION": "stress"
 },
 {
  "DISTRICT NAME": "Mahasamund",
  "STATE": "Chhattisgarh",
  "LEVEL OF 2025": "1000-1700m3",
  "SITUATION": "stress"
 },
 {
  "DISTRICT NAME": "Durg",
  "STATE": "Chhattisgarh",
  "LEVEL OF 2025": "1000-1700m3",
  "SITUATION": "stress"
 },
 {
  "DISTRICT NAME": "Balod ",
  "STATE": "Chhattisgarh",
  "LEVEL OF 2025": "1000-1700m3",
  "SITUATION": "stress"
 },
 {
  "DISTRICT NAME": "Rajnandgaon",
  "STATE": "Chhattisgarh",
  "LEVEL OF 2025": "1000-1700m3",
  "SITUATION": "stress"
 },
 {
  "DISTRICT NAME": "Dhamtari",
  "STATE": "Chhattisgarh",
  "LEVEL OF 2025": "1000-1700m3",
  "SITUATION": "stress"
 },
 {
  "DISTRICT NAME": "Kondagaon",
  "STATE": "Chhattisgarh",
  "LEVEL OF 2025": "1000-1700m3",
  "SITUATION": "stress"
 },
 {
  "DISTRICT NAME": "Narayanpur",
  "STATE": "Chhattisgarh",
  "LEVEL OF 2025": "1000-1700m3",
  "SITUATION": "stress"
 },
 {
  "DISTRICT NAME": "Bastar",
  "STATE": "Chhattisgarh",
  "LEVEL OF 2025": "1000-1700m3",
  "SITUATION": "stress"
 },
 {
  "DISTRICT NAME": "Sukma",
  "STATE": "Chhattisgarh",
  "LEVEL OF 2025": "1000-1700m3",
  "SITUATION": "stress"
 },
 {
  "DISTRICT NAME": "Bijapur",
  "STATE": "Chhattisgarh",
  "LEVEL OF 2025": "1000-1700m3",
  "SITUATION": "stress"
 },
 {
  "DISTRICT NAME": "Janjgir",
  "STATE": "Chhattisgarh",
  "LEVEL OF 2025": "<1700m3",
  "SITUATION": "no stress"
 },
 {
  "DISTRICT NAME": "Kabeerdham",
  "STATE": "Chhattisgarh",
  "LEVEL OF 2025": "<1700m3",
  "SITUATION": "no stress"
 },
 {
  "DISTRICT NAME": "Bametara",
  "STATE": "Chhattisgarh",
  "LEVEL OF 2025": "<1700m3",
  "SITUATION": "no stress"
 },
 {
  "DISTRICT NAME": "Gariaband",
  "STATE": "Chhattisgarh",
  "LEVEL OF 2025": "<1700m3",
  "SITUATION": "no stress"
 },
 {
  "DISTRICT NAME": "Uttar Bastar Kankert",
  "STATE": "Chhattisgarh",
  "LEVEL OF 2025": "<1700m3",
  "SITUATION": "no stress"
 },
 {
  "DISTRICT NAME": "Dakshin Bastar Dantewada",
  "STATE": "Chhattisgarh",
  "LEVEL OF 2025": "<1700m3",
  "SITUATION": "no stress"
 },
 {
  "DISTRICT NAME": "Chandigarh",
  "STATE": "Chhattisgarh",
  "LEVEL OF 2025": "500-1000m3",
  "SITUATION": "Scarcity"
 },
 {
  "DISTRICT NAME": "Bidar",
  "STATE": "Karnataka",
  "LEVEL OF 2025": "1000-1700m3",
  "SITUATION": "stress"
 },
 {
  "DISTRICT NAME": "Kalaburagi",
  "STATE": "Karnataka",
  "LEVEL OF 2025": "<1700m3",
  "SITUATION": "no stress"
 },
 {
  "DISTRICT NAME": "Vijayapura",
  "STATE": "Karnataka",
  "LEVEL OF 2025": "<1700m3",
  "SITUATION": "no stress"
 },
 {
  "DISTRICT NAME": "Bagalkote",
  "STATE": "Karnataka",
  "LEVEL OF 2025": "<1700m3",
  "SITUATION": "no stress"
 },
 {
  "DISTRICT NAME": "Belagavi",
  "STATE": "Karnataka",
  "LEVEL OF 2025": "<1700m3",
  "SITUATION": "no stress"
 },
 {
  "DISTRICT NAME": "Ballari",
  "STATE": "Karnataka",
  "LEVEL OF 2025": "<1700m3",
  "SITUATION": "no stress"
 },
 {
  "DISTRICT NAME": "Davanagere",
  "STATE": "Karnataka",
  "LEVEL OF 2025": "<1700m3",
  "SITUATION": "no stress"
 },
 {
  "DISTRICT NAME": "Shivamogga",
  "STATE": "Karnataka",
  "LEVEL OF 2025": "<1700m3",
  "SITUATION": "no stress"
 },
 {
  "DISTRICT NAME": "Chikkamagalur",
  "STATE": "Karnataka",
  "LEVEL OF 2025": "<1700m3",
  "SITUATION": "no stress"
 },
 {
  "DISTRICT NAME": "Tumakuru",
  "STATE": "Karnataka",
  "LEVEL OF 2025": "<1700m3",
  "SITUATION": "no stress"
 },
 {
  "DISTRICT NAME": "Bengaluru rural",
  "STATE": "Karnataka",
  "LEVEL OF 2025": "<1700m3",
  "SITUATION": "no stress"
 },
 {
  "DISTRICT NAME": "Chikkaballapura",
  "STATE": "Karnataka",
  "LEVEL OF 2025": "<1700m3",
  "SITUATION": "no stress"
 },
 {
  "DISTRICT NAME": "Bengaluru urban",
  "STATE": "Karnataka",
  "LEVEL OF 2025": "<1700m3",
  "SITUATION": "no stress"
 },
 {
  "DISTRICT NAME": "Mysuru",
  "STATE": "Karnataka",
  "LEVEL OF 2025": "<1700m3",
  "SITUATION": "no stress"
 },
 {
  "DISTRICT NAME": "Chamarajanagara",
  "STATE": "Karnataka",
  "LEVEL OF 2025": "<1700m3",
  "SITUATION": "no stress"
 },
 {
  "DISTRICT NAME": "Yadgri",
  "STATE": "Karnataka",
  "LEVEL OF 2025": "500-1000m3",
  "SITUATION": "Scarcity"
 },
 {
  "DISTRICT NAME": "Raichur",
  "STATE": "Karnataka",
  "LEVEL OF 2025": "500-1000m3",
  "SITUATION": "Scarcity"
 },
 {
  "DISTRICT NAME": "Koppal",
  "STATE": "Karnataka",
  "LEVEL OF 2025": "500-1000m3",
  "SITUATION": "Scarcity"
 },
 {
  "DISTRICT NAME": "Gadag",
  "STATE": "Karnataka",
  "LEVEL OF 2025": "500-1000m3",
  "SITUATION": "Scarcity"
 },
 {
  "DISTRICT NAME": "Haveri",
  "STATE": "Karnataka",
  "LEVEL OF 2025": "500-1000m3",
  "SITUATION": "Scarcity"
 },
 {
  "DISTRICT NAME": "Chitradurga",
  "STATE": "Karnataka",
  "LEVEL OF 2025": "500-1000m3",
  "SITUATION": "Scarcity"
 },
 {
  "DISTRICT NAME": "Udupi",
  "STATE": "Karnataka",
  "LEVEL OF 2025": "500-1000m3",
  "SITUATION": "Scarcity"
 },
 {
  "DISTRICT NAME": "Dakshina",
  "STATE": "Karnataka",
  "LEVEL OF 2025": "500-1000m3",
  "SITUATION": "Scarcity"
 },
 {
  "DISTRICT NAME": "Kodagu",
  "STATE": "Karnataka",
  "LEVEL OF 2025": "500-1000m3",
  "SITUATION": "Scarcity"
 },
 {
  "DISTRICT NAME": "Mandya",
  "STATE": "Karnataka",
  "LEVEL OF 2025": "500-1000m3",
  "SITUATION": "Scarcity"
 },
 {
  "DISTRICT NAME": "Ramanagara",
  "STATE": "Karnataka",
  "LEVEL OF 2025": "500-1000m3",
  "SITUATION": "Scarcity"
 },
 {
  "DISTRICT NAME": "Kolar",
  "STATE": "Karnataka",
  "LEVEL OF 2025": "<500m3",
  "SITUATION": "Absolute Scarcity"
 },
 {
  "DISTRICT NAME": "Wayanad",
  "STATE": "Kerala",
  "LEVEL OF 2025": "500-100m3",
  "SITUATION": "Scarcity"
 },
 {
  "DISTRICT NAME": "Kasaragod",
  "STATE": "Kerala",
  "LEVEL OF 2025": "<1700m3",
  "SITUATION": "no stress"
 },
 {
  "DISTRICT NAME": "Kannur",
  "STATE": "Kerala",
  "LEVEL OF 2025": "<1700m3",
  "SITUATION": "no stress"
 },
 {
  "DISTRICT NAME": "Kozhikode",
  "STATE": "Kerala",
  "LEVEL OF 2025": "<1700m3",
  "SITUATION": "no stress"
 },
 {
  "DISTRICT NAME": "Malappuram",
  "STATE": "Kerala",
  "LEVEL OF 2025": "<1700m3",
  "SITUATION": "no stress"
 },
 {
  "DISTRICT NAME": "Palakkad",
  "STATE": "Kerala",
  "LEVEL OF 2025": "<1700m3",
  "SITUATION": "no stress"
 },
 {
  "DISTRICT NAME": "Thrissur",
  "STATE": "Kerala",
  "LEVEL OF 2025": "<1700m3",
  "SITUATION": "no stress"
 },
 {
  "DISTRICT NAME": "Ernakulam",
  "STATE": "Kerala",
  "LEVEL OF 2025": "<1700m3",
  "SITUATION": "no stress"
 },
 {
  "DISTRICT NAME": "Idukki",
  "STATE": "Kerala",
  "LEVEL OF 2025": "<1700m3",
  "SITUATION": "no stress"
 },
 {
  "DISTRICT NAME": "Kottayam",
  "STATE": "Kerala",
  "LEVEL OF 2025": "<1700m3",
  "SITUATION": "no stress"
 },
 {
  "DISTRICT NAME": "Alappuzha",
  "STATE": "Kerala",
  "LEVEL OF 2025": "<1700m3",
  "SITUATION": "no stress"
 },
 {
  "DISTRICT NAME": "Pathanamthitta",
  "STATE": "Kerala",
  "LEVEL OF 2025": "<1700m3",
  "SITUATION": "no stress"
 },
 {
  "DISTRICT NAME": "Kollam",
  "STATE": "Kerala",
  "LEVEL OF 2025": "<1700m3",
  "SITUATION": "no stress"
 },
 {
  "DISTRICT NAME": "Thiruvananthapuram",
  "STATE": "Kerala",
  "LEVEL OF 2025": "<1700m3",
  "SITUATION": "no stress"
 },
 {
  "DISTRICT NAME": "Ahmednagar",
  "STATE": "Maharashtra",
  "LEVEL OF 2025": "1000-1700m3",
  "SITUATION": "stress"
 },
 {
  "DISTRICT NAME": "Akola",
  "STATE": "Maharashtra",
  "LEVEL OF 2025": "1000-1700m3",
  "SITUATION": "stress"
 },
 {
  "DISTRICT NAME": "Amravati",
  "STATE": "Maharashtra",
  "LEVEL OF 2025": "1000-1700m3",
  "SITUATION": "stress"
 },
 {
  "DISTRICT NAME": "Aurangabad",
  "STATE": "Maharashtra",
  "LEVEL OF 2025": "1000-1700m3",
  "SITUATION": "stress"
 },
 {
  "DISTRICT NAME": "Beed",
  "STATE": "Maharashtra",
  "LEVEL OF 2025": "1000-1700m3",
  "SITUATION": "stress"
 },
 {
  "DISTRICT NAME": "Bhandara",
  "STATE": "Maharashtra",
  "LEVEL OF 2025": "1000-1700m3",
  "SITUATION": "stress"
 },
 {
  "DISTRICT NAME": "Buldhana",
  "STATE": "Maharashtra",
  "LEVEL OF 2025": "1000-1700m3",
  "SITUATION": "stress"
 },
 {
  "DISTRICT NAME": "Chandrapur",
  "STATE": "Maharashtra",
  "LEVEL OF 2025": "1000-1700m3",
  "SITUATION": "stress"
 },
 {
  "DISTRICT NAME": "Dhule",
  "STATE": "Maharashtra",
  "LEVEL OF 2025": "1000-1700m3",
  "SITUATION": "stress"
 },
 {
  "DISTRICT NAME": "Gadchiroli",
  "STATE": "Maharashtra",
  "LEVEL OF 2025": "1000-1700m3",
  "SITUATION": "stress"
 },
 {
  "DISTRICT NAME": "Gondia",
  "STATE": "Maharashtra",
  "LEVEL OF 2025": "1000-1700m3",
  "SITUATION": "stress"
 },
 {
  "DISTRICT NAME": "Hingoli",
  "STATE": "Maharashtra",
  "LEVEL OF 2025": "1000-1700m3",
  "SITUATION": "stress"
 },
 {
  "DISTRICT NAME": "Jalgaon",
  "STATE": "Maharashtra",
  "LEVEL OF 2025": "1000-1700m3",
  "SITUATION": "stress"
 },
 {
  "DISTRICT NAME": "Jalna",
  "STATE": "Maharashtra",
  "LEVEL OF 2025": "1000-1700m3",
  "SITUATION": "stress"
 },
 {
  "DISTRICT NAME": "Kolhapur",
  "STATE": "Maharashtra",
  "LEVEL OF 2025": "500-1000m3",
  "SITUATION": "Scarcity"
 },
 {
  "DISTRICT NAME": "Latur",
  "STATE": "Maharashtra",
  "LEVEL OF 2025": "1000-1700m3",
  "SITUATION": "stress"
 },
 {
  "DISTRICT NAME": "Mumbai City",
  "STATE": "Maharashtra",
  "LEVEL OF 2025": "1000-1700m3",
  "SITUATION": "stress"
 },
 {
  "DISTRICT NAME": "Mumbai Suburban",
  "STATE": "Maharashtra",
  "LEVEL OF 2025": "1000-1700m3",
  "SITUATION": "stress"
 },
 {
  "DISTRICT NAME": "Nagpur",
  "STATE": "Maharashtra",
  "LEVEL OF 2025": "1000-1700m3",
  "SITUATION": "stress"
 },
 {
  "DISTRICT NAME": "Nanded",
  "STATE": "Maharashtra",
  "LEVEL OF 2025": "1000-1700m3",
  "SITUATION": "stress"
 },
 {
  "DISTRICT NAME": "Nandurbar",
  "STATE": "Maharashtra",
  "LEVEL OF 2025": "1000-1700m3",
  "SITUATION": "stress"
 },
 {
  "DISTRICT NAME": "Nashik",
  "STATE": "Maharashtra",
  "LEVEL OF 2025": "1000-1700m3",
  "SITUATION": "stress"
 },
 {
  "DISTRICT NAME": "Osmanabad",
  "STATE": "Maharashtra",
  "LEVEL OF 2025": "500-1000m3",
  "SITUATION": "Scarcity"
 },
 {
  "DISTRICT NAME": "Palghar",
  "STATE": "Maharashtra",
  "LEVEL OF 2025": "<1700m3",
  "SITUATION": "no stress"
 },
 {
  "DISTRICT NAME": "Parbhani",
  "STATE": "Maharashtra",
  "LEVEL OF 2025": "1000-1700m3",
  "SITUATION": "stress"
 },
 {
  "DISTRICT NAME": "Pune",
  "STATE": "Maharashtra",
  "LEVEL OF 2025": "500-1000m3",
  "SITUATION": "Scarcity"
 },
 {
  "DISTRICT NAME": "Raigad",
  "STATE": "Maharashtra",
  "LEVEL OF 2025": "<1700m3",
  "SITUATION": "no stress"
 },
 {
  "DISTRICT NAME": "Ratnagiri",
  "STATE": "Maharashtra",
  "LEVEL OF 2025": "<1700m3",
  "SITUATION": "no stress"
 },
 {
  "DISTRICT NAME": "Sangli",
  "STATE": "Maharashtra",
  "LEVEL OF 2025": "500-1000m3",
  "SITUATION": "Scarcity"
 },
 {
  "DISTRICT NAME": "Satara",
  "STATE": "Maharashtra",
  "LEVEL OF 2025": "500-1000m3",
  "SITUATION": "Scarcity"
 },
 {
  "DISTRICT NAME": "Sindhudurg",
  "STATE": "Maharashtra",
  "LEVEL OF 2025": "<1700m3",
  "SITUATION": "no stress"
 },
 {
  "DISTRICT NAME": "Solapur",
  "STATE": "Maharashtra",
  "LEVEL OF 2025": "500-1000m3",
  "SITUATION": "Scarcity"
 },
 {
  "DISTRICT NAME": "Thane",
  "STATE": "Maharashtra",
  "LEVEL OF 2025": "<1700m3",
  "SITUATION": "no stress"
 },
 {
  "DISTRICT NAME": "Wardha",
  "STATE": "Maharashtra",
  "LEVEL OF 2025": "1000-1700m3",
  "SITUATION": "stress"
 },
 {
  "DISTRICT NAME": "Washim",
  "STATE": "Maharashtra",
  "LEVEL OF 2025": "1000-1700m3",
  "SITUATION": "stress"
 },
 {
  "DISTRICT NAME": "Yavatmal",
  "STATE": "Maharashtra",
  "LEVEL OF 2025": "1000-1700m3",
  "SITUATION": "stress"
 },
 {
  "DISTRICT NAME": "Bishnupur",
  "STATE": "Manipur",
  "LEVEL OF 2025": "<1700m3",
  "SITUATION": "no stress"
 },
 {
  "DISTRICT NAME": "Chandel",
  "STATE": "Manipur",
  "LEVEL OF 2025": "<1700m3",
  "SITUATION": "no stress"
 },
 {
  "DISTRICT NAME": "Churachandpur",
  "STATE": "Manipur",
  "LEVEL OF 2025": "<1700m3",
  "SITUATION": "no stress"
 },
 {
  "DISTRICT NAME": "Imphal East",
  "STATE": "Manipur",
  "LEVEL OF 2025": "<1700m3",
  "SITUATION": "no stress"
 },
 {
  "DISTRICT NAME": "Imphal West",
  "STATE": "Manipur",
  "LEVEL OF 2025": "<1700m3",
  "SITUATION": "no stress"
 },
 {
  "DISTRICT NAME": "Jiribam",
  "STATE": "Manipur",
  "LEVEL OF 2025": "<1700m3",
  "SITUATION": "no stress"
 },
 {
  "DISTRICT NAME": "Kakching",
  "STATE": "Manipur",
  "LEVEL OF 2025": "<1700m3",
  "SITUATION": "no stress"
 },
 {
  "DISTRICT NAME": "Kamjong",
  "STATE": "Manipur",
  "LEVEL OF 2025": "<1700m3",
  "SITUATION": "no stress"
 },
 {
  "DISTRICT NAME": "Kangpokpi (Sadar Hills)",
  "STATE": "Manipur",
  "LEVEL OF 2025": "<1700m3",
  "SITUATION": "no stress"
 },
 {
  "DISTRICT NAME": "Noney",
  "STATE": "Manipur",
  "LEVEL OF 2025": "<1700m3",
  "SITUATION": "no stress"
 },
 {
  "DISTRICT NAME": "Pherzawl",
  "STATE": "Manipur",
  "LEVEL OF 2025": "<1700m3",
  "SITUATION": "no stress"
 },
 {
  "DISTRICT NAME": "Senapati",
  "STATE": "Manipur",
  "LEVEL OF 2025": "<1700m3",
  "SITUATION": "no stress"
 },
 {
  "DISTRICT NAME": "Tamenglong",
  "STATE": "Manipur",
  "LEVEL OF 2025": "<1700m3",
  "SITUATION": "no stress"
 },
 {
  "DISTRICT NAME": "Tengnoupal",
  "STATE": "Manipur",
  "LEVEL OF 2025": "<1700m3",
  "SITUATION": "no stress"
 },
 {
  "DISTRICT NAME": "Thoubal",
  "STATE": "Manipur",
  "LEVEL OF 2025": "<1700m3",
  "SITUATION": "no stress"
 },
 {
  "DISTRICT NAME": "Ukhrul",
  "STATE": "Manipur",
  "LEVEL OF 2025": "<1700m3",
  "SITUATION": "no stress"
 },
 {
  "DISTRICT NAME": "East Garo Hills",
  "STATE": "Meghalaya",
  "LEVEL OF 2025": "<1700m3",
  "SITUATION": "no stress"
 },
 {
  "DISTRICT NAME": "North Garo Hills",
  "STATE": "Meghalaya",
  "LEVEL OF 2025": "<1700m3",
  "SITUATION": "no stress"
 },
 {
  "DISTRICT NAME": "South Garo Hills",
  "STATE": "Meghalaya",
  "LEVEL OF 2025": "<1700m3",
  "SITUATION": "no stress"
 },
 {
  "DISTRICT NAME": "West Garo Hills",
  "STATE": "Meghalaya",
  "LEVEL OF 2025": "<1700m3",
  "SITUATION": "no stress"
 },
 {
  "DISTRICT NAME": "South West Garo Hills",
  "STATE": "Meghalaya",
  "LEVEL OF 2025": "<1700m3",
  "SITUATION": "no stress"
 },
 {
  "DISTRICT NAME": "East Khasi Hills",
  "STATE": "Meghalaya",
  "LEVEL OF 2025": "<1700m3",
  "SITUATION": "no stress"
 },
 {
  "DISTRICT NAME": "West Jaintia Hills",
  "STATE": "Meghalaya",
  "LEVEL OF 2025": "<1700m3",
  "SITUATION": "no stress"
 },
 {
  "DISTRICT NAME": "East Jaintia Hills",
  "STATE": "Meghalaya",
  "LEVEL OF 2025": "<1700m3",
  "SITUATION": "no stress"
 },
 {
  "DISTRICT NAME": "South West Khasi Hills",
  "STATE": "Meghalaya",
  "LEVEL OF 2025": "<1700m3",
  "SITUATION": "no stress"
 },
 {
  "DISTRICT NAME": "West Khasi Hills",
  "STATE": "Meghalaya",
  "LEVEL OF 2025": "<1700m3",
  "SITUATION": "no stress"
 },
 {
  "DISTRICT NAME": "Eastern West Khasi Hills",
  "STATE": "Meghalaya",
  "LEVEL OF 2025": "<1700m3",
  "SITUATION": "no stress"
 },
 {
  "DISTRICT NAME": "Ri Bhoi",
  "STATE": "Meghalaya",
  "LEVEL OF 2025": "<1700m3",
  "SITUATION": "no stress"
 },
 {
  "DISTRICT NAME": "Aizawl",
  "STATE": "Mizoram",
  "LEVEL OF 2025": "<1700m3",
  "SITUATION": "no stress"
 },
 {
  "DISTRICT NAME": "Champhai",
  "STATE": "Mizoram",
  "LEVEL OF 2025": "<1700m3",
  "SITUATION": "no stress"
 },
 {
  "DISTRICT NAME": "Hnahthial",
  "STATE": "Mizoram",
  "LEVEL OF 2025": "<1700m3",
  "SITUATION": "no stress"
 },
 {
  "DISTRICT NAME": "Khawzawl",
  "STATE": "Mizoram",
  "LEVEL OF 2025": "<1700m3",
  "SITUATION": "no stress"
 },
 {
  "DISTRICT NAME": "Kolasib",
  "STATE": "Mizoram",
  "LEVEL OF 2025": "<1700m3",
  "SITUATION": "no stress"
 },
 {
  "DISTRICT NAME": "Lawngtlai",
  "STATE": "Mizoram",
  "LEVEL OF 2025": "<1700m3",
  "SITUATION": "no stress"
 },
 {
  "DISTRICT NAME": "Lunglei",
  "STATE": "Mizoram",
  "LEVEL OF 2025": "<1700m3",
  "SITUATION": "no stress"
 },
 {
  "DISTRICT NAME": "Mamit",
  "STATE": "Mizoram",
  "LEVEL OF 2025": "<1700m3",
  "SITUATION": "no stress"
 },
 {
  "DISTRICT NAME": "Saitual",
  "STATE": "Mizoram",
  "LEVEL OF 2025": "<1700m3",
  "SITUATION": "no stress"
 },
 {
  "DISTRICT NAME": "Serchhip",
  "STATE": "Mizoram",
  "LEVEL OF 2025": "<1700m3",
  "SITUATION": "no stress"
 },
 {
  "DISTRICT NAME": "Slaha",
  "STATE": "Mizoram",
  "LEVEL OF 2025": "<1700m3",
  "SITUATION": "no stress"
 },
 {
  "DISTRICT NAME": "Chümoukedima ",
  "STATE": "Nagaland",
  "LEVEL OF 2025": "<1700m3",
  "SITUATION": "no stress"
 },
 {
  "DISTRICT NAME": "Dimapur ",
  "STATE": "Nagaland",
  "LEVEL OF 2025": "<1700m3",
  "SITUATION": "no stress"
 },
 {
  "DISTRICT NAME": "Kiphire ",
  "STATE": "Nagaland",
  "LEVEL OF 2025": "<1700m3",
  "SITUATION": "no stress"
 },
 {
  "DISTRICT NAME": "Kohima ",
  "STATE": "Nagaland",
  "LEVEL OF 2025": "<1700m3",
  "SITUATION": "no stress"
 },
 {
  "DISTRICT NAME": "Longleng ",
  "STATE": "Nagaland",
  "LEVEL OF 2025": "<1700m3",
  "SITUATION": "no stress"
 },
 {
  "DISTRICT NAME": "Mokokchung ",
  "STATE": "Nagaland",
  "LEVEL OF 2025": "<1700m3",
  "SITUATION": "no stress"
 },
 {
  "DISTRICT NAME": "Mon ",
  "STATE": "Nagaland",
  "LEVEL OF 2025": "<1700m3",
  "SITUATION": "no stress"
 },
 {
  "DISTRICT NAME": "Niuland ",
  "STATE": "Nagaland",
  "LEVEL OF 2025": "<1700m3",
  "SITUATION": "no stress"
 },
 {
  "DISTRICT NAME": "Noklak ",
  "STATE": "Nagaland",
  "LEVEL OF 2025": "<1700m3",
  "SITUATION": "no stress"
 },
 {
  "DISTRICT NAME": "Peren ",
  "STATE": "Nagaland",
  "LEVEL OF 2025": "<1700m3",
  "SITUATION": "no stress"
 },
 {
  "DISTRICT NAME": "Phek ",
  "STATE": "Nagaland",
  "LEVEL OF 2025": "<1700m3",
  "SITUATION": "no stress"
 },
 {
  "DISTRICT NAME": "Shamator ",
  "STATE": "Nagaland",
  "LEVEL OF 2025": "<1700m3",
  "SITUATION": "no stress"
 },
 {
  "DISTRICT NAME": "Tseminyü ",
  "STATE": "Nagaland",
  "LEVEL OF 2025": "<1700m3",
  "SITUATION": "no stress"
 },
 {
  "DISTRICT NAME": "Tuensang ",
  "STATE": "Nagaland",
  "LEVEL OF 2025": "<1700m3",
  "SITUATION": "no stress"
 },
 {
  "DISTRICT NAME": "Wokha ",
  "STATE": "Nagaland",
  "LEVEL OF 2025": "<1700m3",
  "SITUATION": "no stress"
 },
 {
  "DISTRICT NAME": "Zünheboto ",
  "STATE": "Nagaland",
  "LEVEL OF 2025": "<1700m3",
  "SITUATION": "no stress"
 },
 {
  "DISTRICT NAME": "Malkangiri",
  "STATE": "Odisha",
  "LEVEL OF 2025": "1000-1700m3",
  "SITUATION": "stress"
 },
 {
  "DISTRICT NAME": "Koraput",
  "STATE": "Odisha",
  "LEVEL OF 2025": "1000-1700m3",
  "SITUATION": "stress"
 },
 {
  "DISTRICT NAME": "Nabarangapur",
  "STATE": "Odisha",
  "LEVEL OF 2025": "1000-1700m3",
  "SITUATION": "stress"
 },
 {
  "DISTRICT NAME": "Kalahandi",
  "STATE": "Odisha",
  "LEVEL OF 2025": "1000-1700m3",
  "SITUATION": "stress"
 },
 {
  "DISTRICT NAME": "Nuapada",
  "STATE": "Odisha",
  "LEVEL OF 2025": "1000-1700m3",
  "SITUATION": "stress"
 },
 {
  "DISTRICT NAME": "Kandhamal",
  "STATE": "Odisha",
  "LEVEL OF 2025": "1000-1700m3",
  "SITUATION": "stress"
 },
 {
  "DISTRICT NAME": "Boudh",
  "STATE": "Odisha",
  "LEVEL OF 2025": "1000-1700m3",
  "SITUATION": "stress"
 },
 {
  "DISTRICT NAME": "Balangir",
  "STATE": "Odisha",
  "LEVEL OF 2025": "1000-1700m3",
  "SITUATION": "stress"
 },
 {
  "DISTRICT NAME": "Bargarh",
  "STATE": "Odisha",
  "LEVEL OF 2025": "1000-1700m3",
  "SITUATION": "stress"
 },
 {
  "DISTRICT NAME": "Jharsuguda",
  "STATE": "Odisha",
  "LEVEL OF 2025": "1000-1700m3",
  "SITUATION": "stress"
 },
 {
  "DISTRICT NAME": "Sambalpur",
  "STATE": "Odisha",
  "LEVEL OF 2025": "1000-1700m3",
  "SITUATION": "stress"
 },
 {
  "DISTRICT NAME": "Subarnapur",
  "STATE": "Odisha",
  "LEVEL OF 2025": "1000-1700m3",
  "SITUATION": "stress"
 },
 {
  "DISTRICT NAME": "Nayagarh",
  "STATE": "Odisha",
  "LEVEL OF 2025": "1000-1700m3",
  "SITUATION": "stress"
 },
 {
  "DISTRICT NAME": "Cuttack",
  "STATE": "Odisha",
  "LEVEL OF 2025": "1000-1700m3",
  "SITUATION": "stress"
 },
 {
  "DISTRICT NAME": "Khordha",
  "STATE": "Odisha",
  "LEVEL OF 2025": "1000-1700m3",
  "SITUATION": "stress"
 },
 {
  "DISTRICT NAME": "Puri",
  "STATE": "Odisha",
  "LEVEL OF 2025": "1000-1700m3",
  "SITUATION": "stress"
 },
 {
  "DISTRICT NAME": "Rayagada",
  "STATE": "Odisha",
  "LEVEL OF 2025": "500-1000m3",
  "SITUATION": "Scarcity"
 },
 {
  "DISTRICT NAME": "Gajapati",
  "STATE": "Odisha",
  "LEVEL OF 2025": "500-1000m3",
  "SITUATION": "Scarcity"
 },
 {
  "DISTRICT NAME": "Ganjam",
  "STATE": "Odisha",
  "LEVEL OF 2025": "500-1000m3",
  "SITUATION": "Scarcity"
 },
 {
  "DISTRICT NAME": "Mayurbhanj",
  "STATE": "Odisha",
  "LEVEL OF 2025": "500-1000m3",
  "SITUATION": "Scarcity"
 },
 {
  "DISTRICT NAME": "Sundargarh",
  "STATE": "Odisha",
  "LEVEL OF 2025": "<1700m3",
  "SITUATION": "no stress"
 },
 {
  "DISTRICT NAME": "Deogarh",
  "STATE": "Odisha",
  "LEVEL OF 2025": "<1700m3",
  "SITUATION": "no stress"
 },
 {
  "DISTRICT NAME": "Kendujhar",
  "STATE": "Odisha",
  "LEVEL OF 2025": "<1700m3",
  "SITUATION": "no stress"
 },
 {
  "DISTRICT NAME": "Angul",
  "STATE": "Odisha",
  "LEVEL OF 2025": "<1700m3",
  "SITUATION": "no stress"
 },
 {
  "DISTRICT NAME": "Dhenkanal",
  "STATE": "Odisha",
  "LEVEL OF 2025": "<1700m3",
  "SITUATION": "no stress"
 },
 {
  "DISTRICT NAME": "Bhadrak",
  "STATE": "Odisha",
  "LEVEL OF 2025": "<1700m3",
  "SITUATION": "no stress"
 },
 {
  "DISTRICT NAME": "Kendrapara",
  "STATE": "Odisha",
  "LEVEL OF 2025": "<1700m3",
  "SITUATION": "no stress"
 },
 {
  "DISTRICT NAME": "Balasore",
  "STATE": "Odisha",
  "LEVEL OF 2025": "<1700m3",
  "SITUATION": "no stress"
 },
 {
  "DISTRICT NAME": "Jaipur",
  "STATE": "Odisha",
  "LEVEL OF 2025": "<1700m3",
  "SITUATION": "no stress"
 },
 {
  "DISTRICT NAME": "Jagatsinghpur",
  "STATE": "Odisha",
  "LEVEL OF 2025": "<1700m3",
  "SITUATION": "no stress"
 },
 {
  "DISTRICT NAME": "Karaikal",
  "STATE": "Puducherry",
  "LEVEL OF 2025": "500-1000m3",
  "SITUATION": "Scarcity"
 },
 {
  "DISTRICT NAME": "Puducherry",
  "STATE": "Puducherry",
  "LEVEL OF 2025": "<500 m3",
  "SITUATION": "Absolute scarcity"
 },
 {
  "DISTRICT NAME": "Amritsar",
  "STATE": "Punjab",
  "LEVEL OF 2025": "500-1000m3",
  "SITUATION": "Scarcity"
 },
 {
  "DISTRICT NAME": "Barnala",
  "STATE": "Punjab",
  "LEVEL OF 2025": "500-1000m3",
  "SITUATION": "Scarcity"
 },
 {
  "DISTRICT NAME": "Bathinda",
  "STATE": "Punjab",
  "LEVEL OF 2025": "500-1000m3",
  "SITUATION": "Scarcity"
 },
 {
  "DISTRICT NAME": "Faridkot",
  "STATE": "Punjab",
  "LEVEL OF 2025": "500-1000m3",
  "SITUATION": "Scarcity"
 },
 {
  "DISTRICT NAME": "Fatehgarh Sahib",
  "STATE": "Punjab",
  "LEVEL OF 2025": "500-1000m3",
  "SITUATION": "Scarcity"
 },
 {
  "DISTRICT NAME": "Fazilka",
  "STATE": "Punjab",
  "LEVEL OF 2025": "500-1000m3",
  "SITUATION": "Scarcity"
 },
 {
  "DISTRICT NAME": "Ferozepur",
  "STATE": "Punjab",
  "LEVEL OF 2025": "500-1000m3",
  "SITUATION": "Scarcity"
 },
 {
  "DISTRICT NAME": "Gurdaspur",
  "STATE": "Punjab",
  "LEVEL OF 2025": "500-1000m3",
  "SITUATION": "Scarcity"
 },
 {
  "DISTRICT NAME": "Hoshiarpur",
  "STATE": "Punjab",
  "LEVEL OF 2025": "500-1000m3",
  "SITUATION": "Scarcity"
 },
 {
  "DISTRICT NAME": "Jalandhar",
  "STATE": "Punjab",
  "LEVEL OF 2025": "500-1000m3",
  "SITUATION": "Scarcity"
 },
 {
  "DISTRICT NAME": "Kapurthala",
  "STATE": "Punjab",
  "LEVEL OF 2025": "500-1000m3",
  "SITUATION": "Scarcity"
 },
 {
  "DISTRICT NAME": "Ludhiana",
  "STATE": "Punjab",
  "LEVEL OF 2025": "500-1000m3",
  "SITUATION": "Scarcity"
 },
 {
  "DISTRICT NAME": "Mansa",
  "STATE": "Punjab",
  "LEVEL OF 2025": "500-1000m3",
  "SITUATION": "Scarcity"
 },
 {
  "DISTRICT NAME": "Moga",
  "STATE": "Punjab",
  "LEVEL OF 2025": "500-1000m3",
  "SITUATION": "Scarcity"
 },
 {
  "DISTRICT NAME": "Muktsar",
  "STATE": "Punjab",
  "LEVEL OF 2025": "500-1000m3",
  "SITUATION": "Scarcity"
 },
 {
  "DISTRICT NAME": "SBS Nagar",
  "STATE": "Punjab",
  "LEVEL OF 2025": "500-1000m3",
  "SITUATION": "Scarcity"
 },
 {
  "DISTRICT NAME": "Pathankot",
  "STATE": "Punjab",
  "LEVEL OF 2025": "500-1000m3",
  "SITUATION": "Scarcity"
 },
 {
  "DISTRICT NAME": "Patiala",
  "STATE": "Punjab",
  "LEVEL OF 2025": "500-1000m3",
  "SITUATION": "Scarcity"
 },
 {
  "DISTRICT NAME": "Rupnagar",
  "STATE": "Punjab",
  "LEVEL OF 2025": "500-1000m3",
  "SITUATION": "Scarcity"
 },
 {
  "DISTRICT NAME": "SAS Nagar",
  "STATE": "Punjab",
  "LEVEL OF 2025": "500-1000m3",
  "SITUATION": "Scarcity"
 },
 {
  "DISTRICT NAME": "Sangrur",
  "STATE": "Punjab",
  "LEVEL OF 2025": "500-1000m3",
  "SITUATION": "Scarcity"
 },
 {
  "DISTRICT NAME": "Tarn Taran",
  "STATE": "Punjab",
  "LEVEL OF 2025": "500-1000m3",
  "SITUATION": "Scarcity"
 },
 {
  "DISTRICT NAME": "Ajmer",
  "STATE": "Rajasthan",
  "LEVEL OF 2025": "500-1000m3",
  "SITUATION": "Scarcity"
 },
 {
  "DISTRICT NAME": "Alwar",
  "STATE": "Rajasthan",
  "LEVEL OF 2025": "500-1000m3",
  "SITUATION": "Scarcity"
 },
 {
  "DISTRICT NAME": "Banswara",
  "STATE": "Rajasthan",
  "LEVEL OF 2025": "500-1000m3",
  "SITUATION": "Scarcity"
 },
 {
  "DISTRICT NAME": "Baran",
  "STATE": "Rajasthan",
  "LEVEL OF 2025": "500-1000m3",
  "SITUATION": "Scarcity"
 },
 {
  "DISTRICT NAME": "Barmer",
  "STATE": "Rajasthan",
  "LEVEL OF 2025": "500-1000m3",
  "SITUATION": "Scarcity"
 },
 {
  "DISTRICT NAME": "Bharatpur",
  "STATE": "Rajasthan",
  "LEVEL OF 2025": "500-1000m3",
  "SITUATION": "Scarcity"
 },
 {
  "DISTRICT NAME": "Bhilwara",
  "STATE": "Rajasthan",
  "LEVEL OF 2025": "500-1000m3",
  "SITUATION": "Scarcity"
 },
 {
  "DISTRICT NAME": "Bikaner",
  "STATE": "Rajasthan",
  "LEVEL OF 2025": "500-1000m3",
  "SITUATION": "Scarcity"
 },
 {
  "DISTRICT NAME": "Bundi",
  "STATE": "Rajasthan",
  "LEVEL OF 2025": "500-1000m3",
  "SITUATION": "Scarcity"
 },
 {
  "DISTRICT NAME": "Chittorgarh",
  "STATE": "Rajasthan",
  "LEVEL OF 2025": "500-1000m3",
  "SITUATION": "Scarcity"
 },
 {
  "DISTRICT NAME": "Churu",
  "STATE": "Rajasthan",
  "LEVEL OF 2025": "500-1000m3",
  "SITUATION": "Scarcity"
 },
 {
  "DISTRICT NAME": "Dausa",
  "STATE": "Rajasthan",
  "LEVEL OF 2025": "500-1000m3",
  "SITUATION": "Scarcity"
 },
 {
  "DISTRICT NAME": "Dholpur",
  "STATE": "Rajasthan",
  "LEVEL OF 2025": "500-1000m3",
  "SITUATION": "Scarcity"
 },
 {
  "DISTRICT NAME": "Dungarpur",
  "STATE": "Rajasthan",
  "LEVEL OF 2025": "500-1000m3",
  "SITUATION": "Scarcity"
 },
 {
  "DISTRICT NAME": "Hanumangarh",
  "STATE": "Rajasthan",
  "LEVEL OF 2025": "500-1000m3",
  "SITUATION": "Scarcity"
 },
 {
  "DISTRICT NAME": "Jaipur",
  "STATE": "Rajasthan",
  "LEVEL OF 2025": "500-1000m3",
  "SITUATION": "Scarcity"
 },
 {
  "DISTRICT NAME": "Jaisalmer",
  "STATE": "Rajasthan",
  "LEVEL OF 2025": "500-1000m3",
  "SITUATION": "Scarcity"
 },
 {
  "DISTRICT NAME": "Jalore",
  "STATE": "Rajasthan",
  "LEVEL OF 2025": "500-1000m3",
  "SITUATION": "Scarcity"
 },
 {
  "DISTRICT NAME": "Jhalawar",
  "STATE": "Rajasthan",
  "LEVEL OF 2025": "500-1000m3",
  "SITUATION": "Scarcity"
 },
 {
  "DISTRICT NAME": "Jhunjhunu",
  "STATE": "Rajasthan",
  "LEVEL OF 2025": "500-1000m3",
  "SITUATION": "Scarcity"
 },
 {
  "DISTRICT NAME": "Jodhpur",
  "STATE": "Rajasthan",
  "LEVEL OF 2025": "500-1000m3",
  "SITUATION": "Scarcity"
 },
 {
  "DISTRICT NAME": "Karauli",
  "STATE": "Rajasthan",
  "LEVEL OF 2025": "500-1000m3",
  "SITUATION": "Scarcity"
 },
 {
  "DISTRICT NAME": "Kota",
  "STATE": "Rajasthan",
  "LEVEL OF 2025": "500-1000m3",
  "SITUATION": "Scarcity"
 },
 {
  "DISTRICT NAME": "Nagaur",
  "STATE": "Rajasthan",
  "LEVEL OF 2025": "500-1000m3",
  "SITUATION": "Scarcity"
 },
 {
  "DISTRICT NAME": "Pali",
  "STATE": "Rajasthan",
  "LEVEL OF 2025": "500-1000m3",
  "SITUATION": "Scarcity"
 },
 {
  "DISTRICT NAME": "Pratapgarh",
  "STATE": "Rajasthan",
  "LEVEL OF 2025": "500-1000m3",
  "SITUATION": "Scarcity"
 },
 {
  "DISTRICT NAME": "Rajsamand",
  "STATE": "Rajasthan",
  "LEVEL OF 2025": "500-1000m3",
  "SITUATION": "Scarcity"
 },
 {
  "DISTRICT NAME": "Sawai Madhopur",
  "STATE": "Rajasthan",
  "LEVEL OF 2025": "500-1000m3",
  "SITUATION": "Scarcity"
 },
 {
  "DISTRICT NAME": "Sikar",
  "STATE": "Rajasthan",
  "LEVEL OF 2025": "500-1000m3",
  "SITUATION": "Scarcity"
 },
 {
  "DISTRICT NAME": "Sirohi",
  "STATE": "Rajasthan",
  "LEVEL OF 2025": "500-1000m3",
  "SITUATION": "Scarcity"
 },
 {
  "DISTRICT NAME": "Sri Ganganagar",
  "STATE": "Rajasthan",
  "LEVEL OF 2025": "500-1000m3",
  "SITUATION": "Scarcity"
 },
 {
  "DISTRICT NAME": "Tonk",
  "STATE": "Rajasthan",
  "LEVEL OF 2025": "500-1000m3",
  "SITUATION": "Scarcity"
 },
 {
  "DISTRICT NAME": "Udaipur",
  "STATE": "Rajasthan",
  "LEVEL OF 2025": "500-1000m3",
  "SITUATION": "Scarcity"
 },
 {
  "DISTRICT NAME": "North Sikkim ",
  "STATE": "Sikkim",
  "LEVEL OF 2025": "<1700m3",
  "SITUATION": "no stress"
 },
 {
  "DISTRICT NAME": "South Sikkim",
  "STATE": "Sikkim",
  "LEVEL OF 2025": "<1700m3",
  "SITUATION": "no stress"
 },
 {
  "DISTRICT NAME": "West Sikkim",
  "STATE": "Sikkim",
  "LEVEL OF 2025": "<1700m3",
  "SITUATION": "no stress"
 },
 {
  "DISTRICT NAME": "East Sikkim",
  "STATE": "Sikkim",
  "LEVEL OF 2025": "<1700m3",
  "SITUATION": "no stress"
 },
 {
  "DISTRICT NAME": "kanyakumari",
  "STATE": "TamilNadu",
  "LEVEL OF 2025": "<1700m3",
  "SITUATION": "no stress"
 },
 {
  "DISTRICT NAME": "Tirunelveli",
  "STATE": "TamilNadu",
  "LEVEL OF 2025": "<500m3",
  "SITUATION": "Absolute Scarcity"
 },
 {
  "DISTRICT NAME": "Thoothukudi",
  "STATE": "TamilNadu",
  "LEVEL OF 2025": "<1700m3",
  "SITUATION": "no stress"
 },
 {
  "DISTRICT NAME": "Tenkasi",
  "STATE": "TamilNadu",
  "LEVEL OF 2025": "500-100m3",
  "SITUATION": "Scarcity"
 },
 {
  "DISTRICT NAME": "Ramanatahpuram",
  "STATE": "TamilNadu",
  "LEVEL OF 2025": "<500m3",
  "SITUATION": "Absolute Scarcity"
 },
 {
  "DISTRICT NAME": "Virudhunagar",
  "STATE": "TamilNadu",
  "LEVEL OF 2025": "<500m3",
  "SITUATION": "Absolute Scarcity"
 },
 {
  "DISTRICT NAME": "Theni",
  "STATE": "TamilNadu",
  "LEVEL OF 2025": "<500m3",
  "SITUATION": "Absolute Scarcity"
 },
 {
  "DISTRICT NAME": "Madurai",
  "STATE": "TamilNadu",
  "LEVEL OF 2025": "<500m3",
  "SITUATION": "Absolute Scarcity"
 },
 {
  "DISTRICT NAME": "Sivaganga",
  "STATE": "TamilNadu",
  "LEVEL OF 2025": "<500m3",
  "SITUATION": "Absolute Scarcity"
 },
 {
  "DISTRICT NAME": "Pudukkottai",
  "STATE": "TamilNadu",
  "LEVEL OF 2025": "<500m3",
  "SITUATION": "Absolute Scarcity"
 },
 {
  "DISTRICT NAME": "Perambalur",
  "STATE": "TamilNadu",
  "LEVEL OF 2025": "<500m3",
  "SITUATION": "Absolute Scarcity"
 },
 {
  "DISTRICT NAME": "Cuddalore",
  "STATE": "TamilNadu",
  "LEVEL OF 2025": "<500m3",
  "SITUATION": "Absolute Scarcity"
 },
 {
  "DISTRICT NAME": "Viluppuram",
  "STATE": "TamilNadu",
  "LEVEL OF 2025": "<500m3",
  "SITUATION": "Absolute Scarcity"
 },
 {
  "DISTRICT NAME": "Tiruvannamalai",
  "STATE": "TamilNadu",
  "LEVEL OF 2025": "<500m3",
  "SITUATION": "Absolute Scarcity"
 },
 {
  "DISTRICT NAME": "kancheepuram",
  "STATE": "TamilNadu",
  "LEVEL OF 2025": "<500m3",
  "SITUATION": "Absolute Scarcity"
 },
 {
  "DISTRICT NAME": "Vellore",
  "STATE": "TamilNadu",
  "LEVEL OF 2025": "<500m3",
  "SITUATION": "Absolute Scarcity"
 },
 {
  "DISTRICT NAME": "Krishnagiri",
  "STATE": "TamilNadu",
  "LEVEL OF 2025": "<500m3",
  "SITUATION": "Absolute Scarcity"
 },
 {
  "DISTRICT NAME": "Chennai",
  "STATE": "TamilNadu",
  "LEVEL OF 2025": "<500m3",
  "SITUATION": "Absolute Scarcity"
 },
 {
  "DISTRICT NAME": "Nilgiris",
  "STATE": "TamilNadu",
  "LEVEL OF 2025": "500-100m3",
  "SITUATION": "Scarcity"
 },
 {
  "DISTRICT NAME": "Dindigul",
  "STATE": "TamilNadu",
  "LEVEL OF 2025": "500-100m3",
  "SITUATION": "Scarcity"
 },
 {
  "DISTRICT NAME": "Tiruppur",
  "STATE": "TamilNadu",
  "LEVEL OF 2025": "500-100m3",
  "SITUATION": "Scarcity"
 },
 {
  "DISTRICT NAME": "Erode",
  "STATE": "TamilNadu",
  "LEVEL OF 2025": "500-100m3",
  "SITUATION": "Scarcity"
 },
 {
  "DISTRICT NAME": "Karur",
  "STATE": "TamilNadu",
  "LEVEL OF 2025": "500-100m3",
  "SITUATION": "Scarcity"
 },
 {
  "DISTRICT NAME": "Namakkal",
  "STATE": "TamilNadu",
  "LEVEL OF 2025": "500-100m3",
  "SITUATION": "Scarcity"
 },
 {
  "DISTRICT NAME": "Salem",
  "STATE": "TamilNadu",
  "LEVEL OF 2025": "500-100m3",
  "SITUATION": "Scarcity"
 },
 {
  "DISTRICT NAME": "Dharmapuri",
  "STATE": "TamilNadu",
  "LEVEL OF 2025": "500-100m3",
  "SITUATION": "Scarcity"
 },
 {
  "DISTRICT NAME": "Kallakurichi",
  "STATE": "TamilNadu",
  "LEVEL OF 2025": "500-100m3",
  "SITUATION": "Scarcity"
 },
 {
  "DISTRICT NAME": "Ariyalur",
  "STATE": "TamilNadu",
  "LEVEL OF 2025": "500-100m3",
  "SITUATION": "Scarcity"
 },
 {
  "DISTRICT NAME": "Nagapattinam",
  "STATE": "TamilNadu",
  "LEVEL OF 2025": "500-100m3",
  "SITUATION": "Scarcity"
 },
 {
  "DISTRICT NAME": "Triuchirappalli",
  "STATE": "TamilNadu",
  "LEVEL OF 2025": "500-100m3",
  "SITUATION": "Scarcity"
 },
 {
  "DISTRICT NAME": "Thanjavur",
  "STATE": "TamilNadu",
  "LEVEL OF 2025": "500-100m3",
  "SITUATION": "Scarcity"
 },
 {
  "DISTRICT NAME": "Chengapattu",
  "STATE": "TamilNadu",
  "LEVEL OF 2025": "500-100m3",
  "SITUATION": "Scarcity"
 },
 {
  "DISTRICT NAME": "Ranipet",
  "STATE": "TamilNadu",
  "LEVEL OF 2025": "500-100m3",
  "SITUATION": "Scarcity"
 },
 {
  "DISTRICT NAME": "Tirupathur",
  "STATE": "TamilNadu",
  "LEVEL OF 2025": "500-100m3",
  "SITUATION": "Scarcity"
 },
 {
  "DISTRICT NAME": "Coimbatore",
  "STATE": "TamilNadu",
  "LEVEL OF 2025": "<1700m3",
  "SITUATION": "no stress"
 },
 {
  "DISTRICT NAME": "Thiruvarur",
  "STATE": "TamilNadu",
  "LEVEL OF 2025": "<1700m3",
  "SITUATION": "no stress"
 },
 {
  "DISTRICT NAME": "Thiruvallur",
  "STATE": "TamilNadu",
  "LEVEL OF 2025": "<1700m3",
  "SITUATION": "no stress"
 },
 {
  "DISTRICT NAME": "Komaram Bheem",
  "STATE": "Telangana",
  "LEVEL OF 2025": "<1700m3",
  "SITUATION": "no stress"
 },
 {
  "DISTRICT NAME": "Jayashankar Bhupalapally",
  "STATE": "Telangana",
  "LEVEL OF 2025": "<1700m3",
  "SITUATION": "no stress"
 },
 {
  "DISTRICT NAME": "Medchal Malkajgirii",
  "STATE": "Telangana",
  "LEVEL OF 2025": "<1700m3",
  "SITUATION": "no stress"
 },
 {
  "DISTRICT NAME": "Yadadri Bhuvanagiri",
  "STATE": "Telangana",
  "LEVEL OF 2025": "<1700m3",
  "SITUATION": "no stress"
 },
 {
  "DISTRICT NAME": "Adilabad",
  "STATE": "Telangana",
  "LEVEL OF 2025": "1000-1700m3",
  "SITUATION": "stress"
 },
 {
  "DISTRICT NAME": "Nirmal",
  "STATE": "Telangana",
  "LEVEL OF 2025": "1000-1700m3",
  "SITUATION": "stress"
 },
 {
  "DISTRICT NAME": "Mancherial",
  "STATE": "Telangana",
  "LEVEL OF 2025": "1000-1700m3",
  "SITUATION": "stress"
 },
 {
  "DISTRICT NAME": "Jagtial",
  "STATE": "Telangana",
  "LEVEL OF 2025": "1000-1700m3",
  "SITUATION": "stress"
 },
 {
  "DISTRICT NAME": "Nizamabad",
  "STATE": "Telangana",
  "LEVEL OF 2025": "1000-1700m3",
  "SITUATION": "stress"
 },
 {
  "DISTRICT NAME": "Rajanna Sircilla",
  "STATE": "Telangana",
  "LEVEL OF 2025": "1000-1700m3",
  "SITUATION": "stress"
 },
 {
  "DISTRICT NAME": "Kamareddy",
  "STATE": "Telangana",
  "LEVEL OF 2025": "1000-1700m3",
  "SITUATION": "stress"
 },
 {
  "DISTRICT NAME": "Medak",
  "STATE": "Telangana",
  "LEVEL OF 2025": "1000-1700m3",
  "SITUATION": "stress"
 },
 {
  "DISTRICT NAME": "Sangareddy",
  "STATE": "Telangana",
  "LEVEL OF 2025": "1000-1700m3",
  "SITUATION": "stress"
 },
 {
  "DISTRICT NAME": "Jangaon",
  "STATE": "Telangana",
  "LEVEL OF 2025": "1000-1700m3",
  "SITUATION": "stress"
 },
 {
  "DISTRICT NAME": "Warangal urban",
  "STATE": "Telangana",
  "LEVEL OF 2025": "1000-1700m3",
  "SITUATION": "stress"
 },
 {
  "DISTRICT NAME": "Warangal rural",
  "STATE": "Telangana",
  "LEVEL OF 2025": "1000-1700m3",
  "SITUATION": "stress"
 },
 {
  "DISTRICT NAME": "Mulugu",
  "STATE": "Telangana",
  "LEVEL OF 2025": "1000-1700m3",
  "SITUATION": "stress"
 },
 {
  "DISTRICT NAME": "Siddipet",
  "STATE": "Telangana",
  "LEVEL OF 2025": "1000-1700m3",
  "SITUATION": "stress"
 },
 {
  "DISTRICT NAME": "Karinagar",
  "STATE": "Telangana",
  "LEVEL OF 2025": "1000-1700m3",
  "SITUATION": "stress"
 },
 {
  "DISTRICT NAME": "Bhadradri Kothagudem",
  "STATE": "Telangana",
  "LEVEL OF 2025": "1000-1700m3",
  "SITUATION": "stress"
 },
 {
  "DISTRICT NAME": "Khammam",
  "STATE": "Telangana",
  "LEVEL OF 2025": "1000-1700m3",
  "SITUATION": "stress"
 },
 {
  "DISTRICT NAME": "Vikarabad",
  "STATE": "Telangana",
  "LEVEL OF 2025": "500-1000m3",
  "SITUATION": "Scarcity"
 },
 {
  "DISTRICT NAME": "Narayanpet",
  "STATE": "Telangana",
  "LEVEL OF 2025": "500-1000m3",
  "SITUATION": "Scarcity"
 },
 {
  "DISTRICT NAME": "Jogulamba Gadwal",
  "STATE": "Telangana",
  "LEVEL OF 2025": "500-1000m3",
  "SITUATION": "Scarcity"
 },
 {
  "DISTRICT NAME": "Wanaparthy",
  "STATE": "Telangana",
  "LEVEL OF 2025": "500-1000m3",
  "SITUATION": "Scarcity"
 },
 {
  "DISTRICT NAME": "Mahabubnagar",
  "STATE": "Telangana",
  "LEVEL OF 2025": "500-1000m3",
  "SITUATION": "Scarcity"
 },
 {
  "DISTRICT NAME": "Ranga Reddy",
  "STATE": "Telangana",
  "LEVEL OF 2025": "500-1000m3",
  "SITUATION": "Scarcity"
 },
 {
  "DISTRICT NAME": "Nagarkurnool",
  "STATE": "Telangana",
  "LEVEL OF 2025": "500-1000m3",
  "SITUATION": "Scarcity"
 },
 {
  "DISTRICT NAME": "Nalgonda",
  "STATE": "Telangana",
  "LEVEL OF 2025": "500-1000m3",
  "SITUATION": "Scarcity"
 },
 {
  "DISTRICT NAME": "Hyberabad",
  "STATE": "Telangana",
  "LEVEL OF 2025": "500-1000m3",
  "SITUATION": "Scarcity"
 },
 {
  "DISTRICT NAME": "Suryapet",
  "STATE": "Telangana",
  "LEVEL OF 2025": "500-1000m3",
  "SITUATION": "Scarcity"
 },
 {
  "DISTRICT NAME": "Mahabubabad",
  "STATE": "Telangana",
  "LEVEL OF 2025": "500-1000m3",
  "SITUATION": "Scarcity"
 },
 {
  "DISTRICT NAME": "Dhalai",
  "STATE": "Tripura",
  "LEVEL OF 2025": "<1700m3",
  "SITUATION": "no stress"
 },
 {
  "DISTRICT NAME": "Gomati",
  "STATE": "Tripura",
  "LEVEL OF 2025": "<1700m3",
  "SITUATION": "no stress"
 },
 {
  "DISTRICT NAME": "Khowai",
  "STATE": "Tripura",
  "LEVEL OF 2025": "<1700m3",
  "SITUATION": "no stress"
 },
 {
  "DISTRICT NAME": "North Tripura",
  "STATE": "Tripura",
  "LEVEL OF 2025": "<1700m3",
  "SITUATION": "no stress"
 },
 {
  "DISTRICT NAME": "Sipahijala",
  "STATE": "Tripura",
  "LEVEL OF 2025": "<1700m3",
  "SITUATION": "no stress"
 },
 {
  "DISTRICT NAME": "South Tripura",
  "STATE": "Tripura",
  "LEVEL OF 2025": "<1700m3",
  "SITUATION": "no stress"
 },
 {
  "DISTRICT NAME": "Unakoti",
  "STATE": "Tripura",
  "LEVEL OF 2025": "<1700m3",
  "SITUATION": "no stress"
 },
 {
  "DISTRICT NAME": "West Tripura",
  "STATE": "Tripura",
  "LEVEL OF 2025": "<1700m3",
  "SITUATION": "no stress"
 },
 {
  "DISTRICT NAME": "Agra",
  "STATE": "Uttar Pradesh",
  "LEVEL OF 2025": "500-1000m3",
  "SITUATION": "Scarcity"
 },
 {
  "DISTRICT NAME": "Aligarh",
  "STATE": "Uttar Pradesh",
  "LEVEL OF 2025": "500-1000m3",
  "SITUATION": "Scarcity"
 },
 {
  "DISTRICT NAME": "Allahabad",
  "STATE": "Uttar Pradesh",
  "LEVEL OF 2025": "500-1000m3",
  "SITUATION": "Scarcity"
 },
 {
  "DISTRICT NAME": "Ambedkar Nagar",
  "STATE": "Uttar Pradesh",
  "LEVEL OF 2025": "500-1000m3",
  "SITUATION": "Scarcity"
 },
 {
  "DISTRICT NAME": "Amethi",
  "STATE": "Uttar Pradesh",
  "LEVEL OF 2025": "500-1000m3",
  "SITUATION": "Scarcity"
 },
 {
  "DISTRICT NAME": "Amroha",
  "STATE": "Uttar Pradesh",
  "LEVEL OF 2025": "500-1000m3",
  "SITUATION": "Scarcity"
 },
 {
  "DISTRICT NAME": "Auraiya",
  "STATE": "Uttar Pradesh",
  "LEVEL OF 2025": "500-1000m3",
  "SITUATION": "Scarcity"
 },
 {
  "DISTRICT NAME": "Azamgarh",
  "STATE": "Uttar Pradesh",
  "LEVEL OF 2025": "500-1000m3",
  "SITUATION": "Scarcity"
 },
 {
  "DISTRICT NAME": "Badaun",
  "STATE": "Uttar Pradesh",
  "LEVEL OF 2025": "500-1000m3",
  "SITUATION": "Scarcity"
 },
 {
  "DISTRICT NAME": "Bagpat",
  "STATE": "Uttar Pradesh",
  "LEVEL OF 2025": "500-1000m3",
  "SITUATION": "Scarcity"
 },
 {
  "DISTRICT NAME": "Bahraich",
  "STATE": "Uttar Pradesh",
  "LEVEL OF 2025": "500-1000m3",
  "SITUATION": "Scarcity"
 },
 {
  "DISTRICT NAME": "Ballia",
  "STATE": "Uttar Pradesh",
  "LEVEL OF 2025": "500-1000m3",
  "SITUATION": "Scarcity"
 },
 {
  "DISTRICT NAME": "Balrampur",
  "STATE": "Uttar Pradesh",
  "LEVEL OF 2025": "500-1000m3",
  "SITUATION": "Scarcity"
 },
 {
  "DISTRICT NAME": "Banda",
  "STATE": "Uttar Pradesh",
  "LEVEL OF 2025": "500-1000m3",
  "SITUATION": "Scarcity"
 },
 {
  "DISTRICT NAME": "Barabanki",
  "STATE": "Uttar Pradesh",
  "LEVEL OF 2025": "500-1000m3",
  "SITUATION": "Scarcity"
 },
 {
  "DISTRICT NAME": "Bareilly",
  "STATE": "Uttar Pradesh",
  "LEVEL OF 2025": "500-1000m3",
  "SITUATION": "Scarcity"
 },
 {
  "DISTRICT NAME": "Basti",
  "STATE": "Uttar Pradesh",
  "LEVEL OF 2025": "500-1000m3",
  "SITUATION": "Scarcity"
 },
 {
  "DISTRICT NAME": "Bijnor",
  "STATE": "Uttar Pradesh",
  "LEVEL OF 2025": "500-1000m3",
  "SITUATION": "Scarcity"
 },
 {
  "DISTRICT NAME": "Bulandshahr",
  "STATE": "Uttar Pradesh",
  "LEVEL OF 2025": "500-1000m3",
  "SITUATION": "Scarcity"
 },
 {
  "DISTRICT NAME": "Chandauli",
  "STATE": "Uttar Pradesh",
  "LEVEL OF 2025": "500-1000m3",
  "SITUATION": "Scarcity"
 },
 {
  "DISTRICT NAME": "Chitrakoot",
  "STATE": "Uttar Pradesh",
  "LEVEL OF 2025": "500-1000m3",
  "SITUATION": "Scarcity"
 },
 {
  "DISTRICT NAME": "Deoria",
  "STATE": "Uttar Pradesh",
  "LEVEL OF 2025": "500-1000m3",
  "SITUATION": "Scarcity"
 },
 {
  "DISTRICT NAME": "Etah",
  "STATE": "Uttar Pradesh",
  "LEVEL OF 2025": "500-1000m3",
  "SITUATION": "Scarcity"
 },
 {
  "DISTRICT NAME": "Etawah",
  "STATE": "Uttar Pradesh",
  "LEVEL OF 2025": "500-1000m3",
  "SITUATION": "Scarcity"
 },
 {
  "DISTRICT NAME": "Faizabad",
  "STATE": "Uttar Pradesh",
  "LEVEL OF 2025": "500-1000m3",
  "SITUATION": "Scarcity"
 },
 {
  "DISTRICT NAME": "Farrukhabad",
  "STATE": "Uttar Pradesh",
  "LEVEL OF 2025": "500-1000m3",
  "SITUATION": "Scarcity"
 },
 {
  "DISTRICT NAME": "Fatehpur",
  "STATE": "Uttar Pradesh",
  "LEVEL OF 2025": "500-1000m3",
  "SITUATION": "Scarcity"
 },
 {
  "DISTRICT NAME": "Firozabad",
  "STATE": "Uttar Pradesh",
  "LEVEL OF 2025": "500-1000m3",
  "SITUATION": "Scarcity"
 },
 {
  "DISTRICT NAME": "Gautam Buddha Nagar",
  "STATE": "Uttar Pradesh",
  "LEVEL OF 2025": "500-1000m3",
  "SITUATION": "Scarcity"
 },
 {
  "DISTRICT NAME": "Ghaziabad",
  "STATE": "Uttar Pradesh",
  "LEVEL OF 2025": "500-1000m3",
  "SITUATION": "Scarcity"
 },
 {
  "DISTRICT NAME": "Ghazipur",
  "STATE": "Uttar Pradesh",
  "LEVEL OF 2025": "500-1000m3",
  "SITUATION": "Scarcity"
 },
 {
  "DISTRICT NAME": "Gonda",
  "STATE": "Uttar Pradesh",
  "LEVEL OF 2025": "500-1000m3",
  "SITUATION": "Scarcity"
 },
 {
  "DISTRICT NAME": "Gorakhpur",
  "STATE": "Uttar Pradesh",
  "LEVEL OF 2025": "500-1000m3",
  "SITUATION": "Scarcity"
 },
 {
  "DISTRICT NAME": "Hamirpur",
  "STATE": "Uttar Pradesh",
  "LEVEL OF 2025": "500-1000m3",
  "SITUATION": "Scarcity"
 },
 {
  "DISTRICT NAME": "Hapur",
  "STATE": "Uttar Pradesh",
  "LEVEL OF 2025": "500-1000m3",
  "SITUATION": "Scarcity"
 },
 {
  "DISTRICT NAME": "Hardoi",
  "STATE": "Uttar Pradesh",
  "LEVEL OF 2025": "500-1000m3",
  "SITUATION": "Scarcity"
 },
 {
  "DISTRICT NAME": "Hathras",
  "STATE": "Uttar Pradesh",
  "LEVEL OF 2025": "500-1000m3",
  "SITUATION": "Scarcity"
 },
 {
  "DISTRICT NAME": "Jalaun",
  "STATE": "Uttar Pradesh",
  "LEVEL OF 2025": "500-1000m3",
  "SITUATION": "Scarcity"
 },
 {
  "DISTRICT NAME": "Jaunpur",
  "STATE": "Uttar Pradesh",
  "LEVEL OF 2025": "500-1000m3",
  "SITUATION": "Scarcity"
 },
 {
  "DISTRICT NAME": "Jhansi",
  "STATE": "Uttar Pradesh",
  "LEVEL OF 2025": "500-1000m3",
  "SITUATION": "Scarcity"
 },
 {
  "DISTRICT NAME": "Kannauj",
  "STATE": "Uttar Pradesh",
  "LEVEL OF 2025": "500-1000m3",
  "SITUATION": "Scarcity"
 },
 {
  "DISTRICT NAME": "Kanpur Dehat",
  "STATE": "Uttar Pradesh",
  "LEVEL OF 2025": "500-1000m3",
  "SITUATION": "Scarcity"
 },
 {
  "DISTRICT NAME": "Kanpur Nagar",
  "STATE": "Uttar Pradesh",
  "LEVEL OF 2025": "500-1000m3",
  "SITUATION": "Scarcity"
 },
 {
  "DISTRICT NAME": "Kasganj",
  "STATE": "Uttar Pradesh",
  "LEVEL OF 2025": "500-1000m3",
  "SITUATION": "Scarcity"
 },
 {
  "DISTRICT NAME": "Kaushambi",
  "STATE": "Uttar Pradesh",
  "LEVEL OF 2025": "500-1000m3",
  "SITUATION": "Scarcity"
 },
 {
  "DISTRICT NAME": "Kushinagar",
  "STATE": "Uttar Pradesh",
  "LEVEL OF 2025": "500-1000m3",
  "SITUATION": "Scarcity"
 },
 {
  "DISTRICT NAME": "Lakhimpur Kheri",
  "STATE": "Uttar Pradesh",
  "LEVEL OF 2025": "500-1000m3",
  "SITUATION": "Scarcity"
 },
 {
  "DISTRICT NAME": "Lalitpur",
  "STATE": "Uttar Pradesh",
  "LEVEL OF 2025": "500-1000m3",
  "SITUATION": "Scarcity"
 },
 {
  "DISTRICT NAME": "Lucknow",
  "STATE": "Uttar Pradesh",
  "LEVEL OF 2025": "500-1000m3",
  "SITUATION": "Scarcity"
 },
 {
  "DISTRICT NAME": "Maharajganj",
  "STATE": "Uttar Pradesh",
  "LEVEL OF 2025": "500-1000m3",
  "SITUATION": "Scarcity"
 },
 {
  "DISTRICT NAME": "Mahoba",
  "STATE": "Uttar Pradesh",
  "LEVEL OF 2025": "500-1000m3",
  "SITUATION": "Scarcity"
 },
 {
  "DISTRICT NAME": "Mainpuri",
  "STATE": "Uttar Pradesh",
  "LEVEL OF 2025": "500-1000m3",
  "SITUATION": "Scarcity"
 },
 {
  "DISTRICT NAME": "Mathura",
  "STATE": "Uttar Pradesh",
  "LEVEL OF 2025": "500-1000m3",
  "SITUATION": "Scarcity"
 },
 {
  "DISTRICT NAME": "Mau",
  "STATE": "Uttar Pradesh",
  "LEVEL OF 2025": "500-1000m3",
  "SITUATION": "Scarcity"
 },
 {
  "DISTRICT NAME": "Meerut",
  "STATE": "Uttar Pradesh",
  "LEVEL OF 2025": "500-1000m3",
  "SITUATION": "Scarcity"
 },
 {
  "DISTRICT NAME": "Mirzapur",
  "STATE": "Uttar Pradesh",
  "LEVEL OF 2025": "500-1000m3",
  "SITUATION": "Scarcity"
 },
 {
  "DISTRICT NAME": "Moradabad",
  "STATE": "Uttar Pradesh",
  "LEVEL OF 2025": "500-1000m3",
  "SITUATION": "Scarcity"
 },
 {
  "DISTRICT NAME": "Muzaffarnagar",
  "STATE": "Uttar Pradesh",
  "LEVEL OF 2025": "500-1000m3",
  "SITUATION": "Scarcity"
 },
 {
  "DISTRICT NAME": "Pilibhit",
  "STATE": "Uttar Pradesh",
  "LEVEL OF 2025": "500-1000m3",
  "SITUATION": "Scarcity"
 },
 {
  "DISTRICT NAME": "Pratapgarh",
  "STATE": "Uttar Pradesh",
  "LEVEL OF 2025": "500-1000m3",
  "SITUATION": "Scarcity"
 },
 {
  "DISTRICT NAME": "Rae Bareli",
  "STATE": "Uttar Pradesh",
  "LEVEL OF 2025": "500-1000m3",
  "SITUATION": "Scarcity"
 },
 {
  "DISTRICT NAME": "Rampur",
  "STATE": "Uttar Pradesh",
  "LEVEL OF 2025": "500-1000m3",
  "SITUATION": "Scarcity"
 },
 {
  "DISTRICT NAME": "Saharanpur",
  "STATE": "Uttar Pradesh",
  "LEVEL OF 2025": "500-1000m3",
  "SITUATION": "Scarcity"
 },
 {
  "DISTRICT NAME": "Sant Kabir Nagar",
  "STATE": "Uttar Pradesh",
  "LEVEL OF 2025": "500-1000m3",
  "SITUATION": "Scarcity"
 },
 {
  "DISTRICT NAME": "Sant Ravidas Nagar",
  "STATE": "Uttar Pradesh",
  "LEVEL OF 2025": "500-1000m3",
  "SITUATION": "Scarcity"
 },
 {
  "DISTRICT NAME": "Sambhal",
  "STATE": "Uttar Pradesh",
  "LEVEL OF 2025": "500-1000m3",
  "SITUATION": "Scarcity"
 },
 {
  "DISTRICT NAME": "Shahjahanpur",
  "STATE": "Uttar Pradesh",
  "LEVEL OF 2025": "500-1000m3",
  "SITUATION": "Scarcity"
 },
 {
  "DISTRICT NAME": "Shamli",
  "STATE": "Uttar Pradesh",
  "LEVEL OF 2025": "500-1000m3",
  "SITUATION": "Scarcity"
 },
 {
  "DISTRICT NAME": "Shravasti",
  "STATE": "Uttar Pradesh",
  "LEVEL OF 2025": "500-1000m3",
  "SITUATION": "Scarcity"
 },
 {
  "DISTRICT NAME": "Siddharthnagar",
  "STATE": "Uttar Pradesh",
  "LEVEL OF 2025": "500-1000m3",
  "SITUATION": "Scarcity"
 },
 {
  "DISTRICT NAME": "Sitapur",
  "STATE": "Uttar Pradesh",
  "LEVEL OF 2025": "500-1000m3",
  "SITUATION": "Scarcity"
 },
 {
  "DISTRICT NAME": "Sonbhadra",
  "STATE": "Uttar Pradesh",
  "LEVEL OF 2025": "500-1000m3",
  "SITUATION": "Scarcity"
 },
 {
  "DISTRICT NAME": "Sultanpur",
  "STATE": "Uttar Pradesh",
  "LEVEL OF 2025": "500-1000m3",
  "SITUATION": "Scarcity"
 },
 {
  "DISTRICT NAME": "Unnao",
  "STATE": "Uttar Pradesh",
  "LEVEL OF 2025": "500-1000m3",
  "SITUATION": "Scarcity"
 },
 {
  "DISTRICT NAME": "Varanasi (Kashi)",
  "STATE": "Uttar Pradesh",
  "LEVEL OF 2025": "500-1000m3",
  "SITUATION": "Scarcity"
 },
 {
  "DISTRICT NAME": "Dehradun",
  "STATE": "Uttarkhand",
  "LEVEL OF 2025": "500-1000m3",
  "SITUATION": "Scarcity"
 },
 {
  "DISTRICT NAME": "Haridwar",
  "STATE": "Uttarkhand",
  "LEVEL OF 2025": "500-1000m3",
  "SITUATION": "Scarcity"
 },
 {
  "DISTRICT NAME": "Chamoli",
  "STATE": "Uttarkhand",
  "LEVEL OF 2025": "500-1000m3",
  "SITUATION": "Scarcity"
 },
 {
  "DISTRICT NAME": "Rudraprayag",
  "STATE": "Uttarkhand",
  "LEVEL OF 2025": "500-1000m3",
  "SITUATION": "Scarcity"
 },
 {
  "DISTRICT NAME": "Tehri Garhwal",
  "STATE": "Uttarkhand",
  "LEVEL OF 2025": "500-1000m3",
  "SITUATION": "Scarcity"
 },
 {
  "DISTRICT NAME": "Uttarkashi",
  "STATE": "Uttarkhand",
  "LEVEL OF 2025": "500-1000m3",
  "SITUATION": "Scarcity"
 },
 {
  "DISTRICT NAME": "Pauri Garhwal",
  "STATE": "Uttarkhand",
  "LEVEL OF 2025": "500-1000m3",
  "SITUATION": "Scarcity"
 },
 {
  "DISTRICT NAME": "Almora",
  "STATE": "Uttarkhand",
  "LEVEL OF 2025": "500-1000m3",
  "SITUATION": "Scarcity"
 },
 {
  "DISTRICT NAME": "Nainital",
  "STATE": "Uttarkhand",
  "LEVEL OF 2025": "500-1000m3",
  "SITUATION": "Scarcity"
 },
 {
  "DISTRICT NAME": "Pithoragarh",
  "STATE": "Uttarkhand",
  "LEVEL OF 2025": "500-1000m3",
  "SITUATION": "Scarcity"
 },
 {
  "DISTRICT NAME": "Udham Singh Nagar",
  "STATE": "Uttarkhand",
  "LEVEL OF 2025": "500-1000m3",
  "SITUATION": "Scarcity"
 },
 {
  "DISTRICT NAME": "Bageshwar",
  "STATE": "Uttarkhand",
  "LEVEL OF 2025": "500-1000m3",
  "SITUATION": "Scarcity"
 },
 {
  "DISTRICT NAME": "Champawat",
  "STATE": "Uttarkhand",
  "LEVEL OF 2025": "500-1000m3",
  "SITUATION": "Scarcity"
 },
 {
  "DISTRICT NAME": "North 24 Parganas",
  "STATE": "West Bengal",
  "LEVEL OF 2025": "500-1000m3",
  "SITUATION": "Scarcity"
 },
 {
  "DISTRICT NAME": "South 24 Parganas",
  "STATE": "West Bengal",
  "LEVEL OF 2025": "500-1000m3",
  "SITUATION": "Scarcity"
 },
 {
  "DISTRICT NAME": "Bankura",
  "STATE": "West Bengal",
  "LEVEL OF 2025": "500-1000m3",
  "SITUATION": "Scarcity"
 },
 {
  "DISTRICT NAME": "Birbhum",
  "STATE": "West Bengal",
  "LEVEL OF 2025": "500-1000m3",
  "SITUATION": "Scarcity"
 },
 {
  "DISTRICT NAME": "CoochBihar",
  "STATE": "West Bengal",
  "LEVEL OF 2025": "<1700m3",
  "SITUATION": "no stress"
 },
 {
  "DISTRICT NAME": "Dakshin Dinajpur",
  "STATE": "West Bengal",
  "LEVEL OF 2025": "500-1000m3",
  "SITUATION": "Scarcity"
 },
 {
  "DISTRICT NAME": "Darjeeling",
  "STATE": "West Bengal",
  "LEVEL OF 2025": "500-1000m3",
  "SITUATION": "Scarcity"
 },
 {
  "DISTRICT NAME": "Hooghly",
  "STATE": "West Bengal",
  "LEVEL OF 2025": "500-1000m3",
  "SITUATION": "Scarcity"
 },
 {
  "DISTRICT NAME": "Howrah",
  "STATE": "West Bengal",
  "LEVEL OF 2025": "500-1000m3",
  "SITUATION": "Scarcity"
 },
 {
  "DISTRICT NAME": "Jalpaiguri",
  "STATE": "West Bengal",
  "LEVEL OF 2025": "500-1000m3",
  "SITUATION": "Scarcity"
 },
 {
  "DISTRICT NAME": "Jhargram",
  "STATE": "West Bengal",
  "LEVEL OF 2025": "500-1000m3",
  "SITUATION": "Scarcity"
 },
 {
  "DISTRICT NAME": "Kalimpong",
  "STATE": "West Bengal",
  "LEVEL OF 2025": "<1700m3",
  "SITUATION": "no stress"
 },
 {
  "DISTRICT NAME": "Kolkata",
  "STATE": "West Bengal",
  "LEVEL OF 2025": "500-1000m3",
  "SITUATION": "Scarcity"
 },
 {
  "DISTRICT NAME": "Malda",
  "STATE": "West Bengal",
  "LEVEL OF 2025": "500-1000m3",
  "SITUATION": "Scarcity"
 },
 {
  "DISTRICT NAME": "Murshidabad",
  "STATE": "West Bengal",
  "LEVEL OF 2025": "500-1000m3",
  "SITUATION": "Scarcity"
 },
 {
  "DISTRICT NAME": "Nadia",
  "STATE": "West Bengal",
  "LEVEL OF 2025": "500-1000m3",
  "SITUATION": "Scarcity"
 },
 {
  "DISTRICT NAME": "Paschim Burdwan",
  "STATE": "West Bengal",
  "LEVEL OF 2025": "500-1000m3",
  "SITUATION": "Scarcity"
 },
 {
  "DISTRICT NAME": "Purba Burdwan",
  "STATE": "West Bengal",
  "LEVEL OF 2025": "500-1000m3",
  "SITUATION": "Scarcity"
 },
 {
  "DISTRICT NAME": "Paschim Medinipur",
  "STATE": "West Bengal",
  "LEVEL OF 2025": "500-1000m3",
  "SITUATION": "Scarcity"
 },
 {
  "DISTRICT NAME": "Purba Medinipur",
  "STATE": "West Bengal",
  "LEVEL OF 2025": "500-1000m3",
  "SITUATION": "Scarcity"
 },
 {
  "DISTRICT NAME": "Purulia",
  "STATE": "West Bengal",
  "LEVEL OF 2025": "500-1000m3",
  "SITUATION": "Scarcity"
 },
 {
  "DISTRICT NAME": "Uttar Dinajpur",
  "STATE": "West Bengal",
  "LEVEL OF 2025": "500-1000m3",
  "SITUATION": "Scarcity"
 },
 {
  "DISTRICT NAME": "Alipurduar",
  "STATE": "West Bengal",
  "LEVEL OF 2025": "<1700m3",
  "SITUATION": "no stress"
 },
 {
  "DISTRICT NAME": "upper dibang vally",
  "STATE": "arunachal pradesh",
  "LEVEL OF 2025": "<1700m3",
  "SITUATION": "no stress"
 },
 {
  "DISTRICT NAME": "upper siang",
  "STATE": "arunachal pradesh",
  "LEVEL OF 2025": "<1700m3",
  "SITUATION": "no stress"
 },
 {
  "DISTRICT NAME": "shi yomi",
  "STATE": "arunachal pradesh",
  "LEVEL OF 2025": "<1700m3",
  "SITUATION": "no stress"
 },
 {
  "DISTRICT NAME": "siand",
  "STATE": "arunachal pradesh",
  "LEVEL OF 2025": "<1700m3",
  "SITUATION": "no stress"
 },
 {
  "DISTRICT NAME": "lower dibang vally",
  "STATE": "arunachal pradesh",
  "LEVEL OF 2025": "<1700m3",
  "SITUATION": "no stress"
 },
 {
  "DISTRICT NAME": "anjaw",
  "STATE": "arunachal pradesh",
  "LEVEL OF 2025": "<1700m3",
  "SITUATION": "no stress"
 },
 {
  "DISTRICT NAME": "lohit",
  "STATE": "arunachal pradesh",
  "LEVEL OF 2025": "<1700m3",
  "SITUATION": "no stress"
 },
 {
  "DISTRICT NAME": "namsai",
  "STATE": "arunachal pradesh",
  "LEVEL OF 2025": "<1700m3",
  "SITUATION": "no stress"
 },
 {
  "DISTRICT NAME": "changlang",
  "STATE": "arunachal pradesh",
  "LEVEL OF 2025": "<1700m3",
  "SITUATION": "no stress"
 },
 {
  "DISTRICT NAME": "tirap",
  "STATE": "arunachal pradesh",
  "LEVEL OF 2025": "<1700m3",
  "SITUATION": "no stress"
 },
 {
  "DISTRICT NAME": "longding",
  "STATE": "arunachal pradesh",
  "LEVEL OF 2025": "<1700m3",
  "SITUATION": "no stress"
 },
 {
  "DISTRICT NAME": "east siang",
  "STATE": "arunachal pradesh",
  "LEVEL OF 2025": "<1700m3",
  "SITUATION": "no stress"
 },
 {
  "DISTRICT NAME": "lower siang",
  "STATE": "arunachal pradesh",
  "LEVEL OF 2025": "<1700m3",
  "SITUATION": "no stress"
 },
 {
  "DISTRICT NAME": "upper subinsiri",
  "STATE": "arunachal pradesh",
  "LEVEL OF 2025": "<1700m3",
  "SITUATION": "no stress"
 },
 {
  "DISTRICT NAME": "kamle",
  "STATE": "arunachal pradesh",
  "LEVEL OF 2025": "<1700m3",
  "SITUATION": "no stress"
 },
 {
  "DISTRICT NAME": "kra daadi",
  "STATE": "arunachal pradesh",
  "LEVEL OF 2025": "<1700m3",
  "SITUATION": "no stress"
 },
 {
  "DISTRICT NAME": "lower sabunsiri",
  "STATE": "arunachal pradesh",
  "LEVEL OF 2025": "<1700m3",
  "SITUATION": "no stress"
 },
 {
  "DISTRICT NAME": "papum pare",
  "STATE": "arunachal pradesh",
  "LEVEL OF 2025": "<1700m3",
  "SITUATION": "no stress"
 },
 {
  "DISTRICT NAME": "kurung kumey",
  "STATE": "arunachal pradesh",
  "LEVEL OF 2025": "<1700m3",
  "SITUATION": "no stress"
 },
 {
  "DISTRICT NAME": "east kameng",
  "STATE": "arunachal pradesh",
  "LEVEL OF 2025": "<1700m3",
  "SITUATION": "no stress"
 },
 {
  "DISTRICT NAME": "west kameng",
  "STATE": "arunachal pradesh",
  "LEVEL OF 2025": "<1700m3",
  "SITUATION": "no stress"
 },
 {
  "DISTRICT NAME": "pakke kessang",
  "STATE": "arunachal pradesh",
  "LEVEL OF 2025": "<1700m3",
  "SITUATION": "no stress"
 },
 {
  "DISTRICT NAME": "tawang",
  "STATE": "arunachal pradesh",
  "LEVEL OF 2025": "<1700m3",
  "SITUATION": "no stress"
 },
 {
  "DISTRICT NAME": "west siang",
  "STATE": "arunachal pradesh",
  "LEVEL OF 2025": "<1700m3",
  "SITUATION": "no stress"
 },
 {
  "DISTRICT NAME": "lepa rada",
  "STATE": "arunachal pradesh",
  "LEVEL OF 2025": "<1700m3",
  "SITUATION": "no stress"
 },
 {
  "DISTRICT NAME": "Jorhat",
  "STATE": "assam",
  "LEVEL OF 2025": "<1700m3",
  "SITUATION": "no stress"
 },
 {
  "DISTRICT NAME": "Cachar",
  "STATE": "assam",
  "LEVEL OF 2025": "<1700m3",
  "SITUATION": "no stress"
 },
 {
  "DISTRICT NAME": "Dhemaji",
  "STATE": "assam",
  "LEVEL OF 2025": "<1700m3",
  "SITUATION": "no stress"
 },
 {
  "DISTRICT NAME": "Goalpara",
  "STATE": "assam",
  "LEVEL OF 2025": "<1700m3",
  "SITUATION": "no stress"
 },
 {
  "DISTRICT NAME": "Kamrup Metropolitan",
  "STATE": "assam",
  "LEVEL OF 2025": "<1700m3",
  "SITUATION": "no stress"
 },
 {
  "DISTRICT NAME": "Kokrajhar",
  "STATE": "assam",
  "LEVEL OF 2025": "<1700m3",
  "SITUATION": "no stress"
 },
 {
  "DISTRICT NAME": "Nagaon",
  "STATE": "assam",
  "LEVEL OF 2025": "<1700m3",
  "SITUATION": "no stress"
 },
 {
  "DISTRICT NAME": "South Salmara-Mankachar",
  "STATE": "assam",
  "LEVEL OF 2025": "<1700m3",
  "SITUATION": "no stress"
 },
 {
  "DISTRICT NAME": "Baksa",
  "STATE": "assam",
  "LEVEL OF 2025": "<1700m3",
  "SITUATION": "no stress"
 },
 {
  "DISTRICT NAME": "Charaideo",
  "STATE": "assam",
  "LEVEL OF 2025": "<1700m3",
  "SITUATION": "no stress"
 },
 {
  "DISTRICT NAME": "Dhubri",
  "STATE": "assam",
  "LEVEL OF 2025": "<1700m3",
  "SITUATION": "no stress"
 },
 {
  "DISTRICT NAME": "Golaghat",
  "STATE": "assam",
  "LEVEL OF 2025": "<1700m3",
  "SITUATION": "no stress"
 },
 {
  "DISTRICT NAME": "Karimganj",
  "STATE": "assam",
  "LEVEL OF 2025": "<1700m3",
  "SITUATION": "no stress"
 },
 {
  "DISTRICT NAME": "Morigaon",
  "STATE": "assam",
  "LEVEL OF 2025": "<1700m3",
  "SITUATION": "no stress"
 },
 {
  "DISTRICT NAME": "Sonitpur",
  "STATE": "assam",
  "LEVEL OF 2025": "<1700m3",
  "SITUATION": "no stress"
 },
 {
  "DISTRICT NAME": "West Karbi Anglong",
  "STATE": "assam",
  "LEVEL OF 2025": "<1700m3",
  "SITUATION": "no stress"
 },
 {
  "DISTRICT NAME": "Barpeta",
  "STATE": "assam",
  "LEVEL OF 2025": "<1700m3",
  "SITUATION": "no stress"
 },
 {
  "DISTRICT NAME": "Chirang",
  "STATE": "assam",
  "LEVEL OF 2025": "<1700m3",
  "SITUATION": "no stress"
 },
 {
  "DISTRICT NAME": "Dibrugarh",
  "STATE": "assam",
  "LEVEL OF 2025": "<1700m3",
  "SITUATION": "no stress"
 },
 {
  "DISTRICT NAME": "Hailakandi",
  "STATE": "assam",
  "LEVEL OF 2025": "<1700m3",
  "SITUATION": "no stress"
 },
 {
  "DISTRICT NAME": "Karbi Anglong",
  "STATE": "assam",
  "LEVEL OF 2025": "<1700m3",
  "SITUATION": "no stress"
 },
 {
  "DISTRICT NAME": "Majuli",
  "STATE": "assam",
  "LEVEL OF 2025": "<1700m3",
  "SITUATION": "no stress"
 },
 {
  "DISTRICT NAME": "Sivasagar",
  "STATE": "assam",
  "LEVEL OF 2025": "<1700m3",
  "SITUATION": "no stress"
 },
 {
  "DISTRICT NAME": "Udalguri",
  "STATE": "assam",
  "LEVEL OF 2025": "<1700m3",
  "SITUATION": "no stress"
 },
 {
  "DISTRICT NAME": "Bongaigaon",
  "STATE": "assam",
  "LEVEL OF 2025": "<1700m3",
  "SITUATION": "no stress"
 },
 {
  "DISTRICT NAME": "Darrang",
  "STATE": "assam",
  "LEVEL OF 2025": "<1700m3",
  "SITUATION": "no stress"
 },
 {
  "DISTRICT NAME": "Dima Hasao",
  "STATE": "assam",
  "LEVEL OF 2025": "<1700m3",
  "SITUATION": "no stress"
 },
 {
  "DISTRICT NAME": "Kamrup",
  "STATE": "assam",
  "LEVEL OF 2025": "<1700m3",
  "SITUATION": "no stress"
 },
 {
  "DISTRICT NAME": "Lakhimpur",
  "STATE": "assam",
  "LEVEL OF 2025": "<1700m3",
  "SITUATION": "no stress"
 },
 {
  "DISTRICT NAME": "Nalbari",
  "STATE": "assam",
  "LEVEL OF 2025": "<1700m3",
  "SITUATION": "no stress"
 },
 {
  "DISTRICT NAME": "Tinsukia",
  "STATE": "assam",
  "LEVEL OF 2025": "<1700m3",
  "SITUATION": "no stress"
 },
 {
  "DISTRICT NAME": "Arwal",
  "STATE": "bihar",
  "LEVEL OF 2025": "500-1000m3",
  "SITUATION": "scarcity"
 },
 {
  "DISTRICT NAME": "Aurangabad",
  "STATE": "bihar",
  "LEVEL OF 2025": "500-1000m3",
  "SITUATION": "scarcity"
 },
 {
  "DISTRICT NAME": "Banka",
  "STATE": "bihar",
  "LEVEL OF 2025": "500-1000m3",
  "SITUATION": "scarcity"
 },
 {
  "DISTRICT NAME": "Begusarai",
  "STATE": "bihar",
  "LEVEL OF 2025": "500-1000m3",
  "SITUATION": "scarcity"
 },
 {
  "DISTRICT NAME": "Bhagalpur",
  "STATE": "bihar",
  "LEVEL OF 2025": "500-1000m3",
  "SITUATION": "scarcity"
 },
 {
  "DISTRICT NAME": "Bhojpur",
  "STATE": "bihar",
  "LEVEL OF 2025": "500-1000m3",
  "SITUATION": "scarcity"
 },
 {
  "DISTRICT NAME": "Buxar",
  "STATE": "bihar",
  "LEVEL OF 2025": "500-1000m3",
  "SITUATION": "scarcity"
 },
 {
  "DISTRICT NAME": "Darbhanga",
  "STATE": "bihar",
  "LEVEL OF 2025": "500-1000m3",
  "SITUATION": "scarcity"
 },
 {
  "DISTRICT NAME": "East Champaran",
  "STATE": "bihar",
  "LEVEL OF 2025": "500-1000m3",
  "SITUATION": "scarcity"
 },
 {
  "DISTRICT NAME": "Gaya",
  "STATE": "bihar",
  "LEVEL OF 2025": "500-1000m3",
  "SITUATION": "scarcity"
 },
 {
  "DISTRICT NAME": "Gopalganj",
  "STATE": "bihar",
  "LEVEL OF 2025": "500-1000m3",
  "SITUATION": "scarcity"
 },
 {
  "DISTRICT NAME": "Jamui",
  "STATE": "bihar",
  "LEVEL OF 2025": "500-1000m3",
  "SITUATION": "scarcity"
 },
 {
  "DISTRICT NAME": "Jehanabad",
  "STATE": "bihar",
  "LEVEL OF 2025": "500-1000m3",
  "SITUATION": "scarcity"
 },
 {
  "DISTRICT NAME": "Khagaria",
  "STATE": "bihar",
  "LEVEL OF 2025": "500-1000m3",
  "SITUATION": "scarcity"
 },
 {
  "DISTRICT NAME": "Kishanganj",
  "STATE": "bihar",
  "LEVEL OF 2025": "500-1000m3",
  "SITUATION": "scarcity"
 },
 {
  "DISTRICT NAME": "Kaimur",
  "STATE": "bihar",
  "LEVEL OF 2025": "500-1000m3",
  "SITUATION": "scarcity"
 },
 {
  "DISTRICT NAME": "Katihar",
  "STATE": "bihar",
  "LEVEL OF 2025": "500-1000m3",
  "SITUATION": "scarcity"
 },
 {
  "DISTRICT NAME": "Lakhisarai",
  "STATE": "bihar",
  "LEVEL OF 2025": "500-1000m3",
  "SITUATION": "scarcity"
 },
 {
  "DISTRICT NAME": "Madhubani",
  "STATE": "bihar",
  "LEVEL OF 2025": "500-1000m3",
  "SITUATION": "scarcity"
 },
 {
  "DISTRICT NAME": "Munger",
  "STATE": "bihar",
  "LEVEL OF 2025": "500-1000m3",
  "SITUATION": "scarcity"
 },
 {
  "DISTRICT NAME": "Madhepura",
  "STATE": "bihar",
  "LEVEL OF 2025": "500-1000m3",
  "SITUATION": "scarcity"
 },
 {
  "DISTRICT NAME": "Muzaffarpur",
  "STATE": "bihar",
  "LEVEL OF 2025": "500-1000m3",
  "SITUATION": "scarcity"
 },
 {
  "DISTRICT NAME": "Nalanda",
  "STATE": "bihar",
  "LEVEL OF 2025": "500-1000m3",
  "SITUATION": "scarcity"
 },
 {
  "DISTRICT NAME": "Nawada",
  "STATE": "bihar",
  "LEVEL OF 2025": "500-1000m3",
  "SITUATION": "scarcity"
 },
 {
  "DISTRICT NAME": "Patna",
  "STATE": "bihar",
  "LEVEL OF 2025": "500-1000m3",
  "SITUATION": "scarcity"
 },
 {
  "DISTRICT NAME": "Purnia",
  "STATE": "bihar",
  "LEVEL OF 2025": "500-1000m3",
  "SITUATION": "scarcity"
 },
 {
  "DISTRICT NAME": "Rohtas",
  "STATE": "bihar",
  "LEVEL OF 2025": "500-1000m3",
  "SITUATION": "scarcity"
 },
 {
  "DISTRICT NAME": "Saharsa",
  "STATE": "bihar",
  "LEVEL OF 2025": "500-1000m3",
  "SITUATION": "scarcity"
 },
 {
  "DISTRICT NAME": "Samastipur",
  "STATE": "bihar",
  "LEVEL OF 2025": "500-1000m3",
  "SITUATION": "scarcity"
 },
 {
  "DISTRICT NAME": "Sheohar",
  "STATE": "bihar",
  "LEVEL OF 2025": "500-1000m3",
  "SITUATION": "scarcity"
 },
 {
  "DISTRICT NAME": "Sheikhpura",
  "STATE": "bihar",
  "LEVEL OF 2025": "500-1000m3",
  "SITUATION": "scarcity"
 },
 {
  "DISTRICT NAME": "Saran",
  "STATE": "bihar",
  "LEVEL OF 2025": "500-1000m3",
  "SITUATION": "scarcity"
 },
 {
  "DISTRICT NAME": "Sitamarhi",
  "STATE": "bihar",
  "LEVEL OF 2025": "500-1000m3",
  "SITUATION": "scarcity"
 },
 {
  "DISTRICT NAME": "Supaul",
  "STATE": "bihar",
  "LEVEL OF 2025": "500-1000m3",
  "SITUATION": "scarcity"
 },
 {
  "DISTRICT NAME": "Siwan",
  "STATE": "bihar",
  "LEVEL OF 2025": "500-1000m3",
  "SITUATION": "scarcity"
 },
 {
  "DISTRICT NAME": "Vaishali",
  "STATE": "bihar",
  "LEVEL OF 2025": "500-1000m3",
  "SITUATION": "scarcity"
 },
 {
  "DISTRICT NAME": "West Champaran",
  "STATE": "bihar",
  "LEVEL OF 2025": "500-1000m3",
  "SITUATION": "scarcity"
 },
 {
  "DISTRICT NAME": "Araria",
  "STATE": "bihar",
  "LEVEL OF 2025": "500-1000m3",
  "SITUATION": "scarcity"
 },
 {
  "DISTRICT NAME": "Dadra and Nagar Haveli",
  "STATE": "dadra and nagar haveli",
  "LEVEL OF 2025": "<1700m3",
  "SITUATION": "no stress"
 },
 {
  "DISTRICT NAME": "Daman",
  "STATE": "dadra and nagar haveli",
  "LEVEL OF 2025": "<1700m3",
  "SITUATION": "no stress"
 },
 {
  "DISTRICT NAME": "delhi",
  "STATE": "delhi",
  "LEVEL OF 2025": "<1700m3",
  "SITUATION": "no stress"
 },
 {
  "DISTRICT NAME": "Ahmedabad",
  "STATE": "gujarat",
  "LEVEL OF 2025": "500-1000m3",
  "SITUATION": "scarcity"
 },
 {
  "DISTRICT NAME": "Amreli",
  "STATE": "gujarat",
  "LEVEL OF 2025": "500-1000m3",
  "SITUATION": "scaricty"
 },
 {
  "DISTRICT NAME": "Anand",
  "STATE": "gujarat",
  "LEVEL OF 2025": "500-1000m3",
  "SITUATION": "scarcity"
 },
 {
  "DISTRICT NAME": "Aravalli",
  "STATE": "gujarat",
  "LEVEL OF 2025": "500-1000m3",
  "SITUATION": "scaricty"
 },
 {
  "DISTRICT NAME": "Banaskantha",
  "STATE": "gujarat",
  "LEVEL OF 2025": "500-1000m3",
  "SITUATION": "scarcity"
 },
 {
  "DISTRICT NAME": "Bharuch",
  "STATE": "gujarat",
  "LEVEL OF 2025": "<1700m3",
  "SITUATION": "no stress"
 },
 {
  "DISTRICT NAME": "Bhavnagar",
  "STATE": "gujarat",
  "LEVEL OF 2025": "500-1000m3",
  "SITUATION": "scarcity"
 },
 {
  "DISTRICT NAME": "Botad",
  "STATE": "gujarat",
  "LEVEL OF 2025": "500-1000m3",
  "SITUATION": "scarcity"
 },
 {
  "DISTRICT NAME": "Chhota Udaipur",
  "STATE": "gujarat",
  "LEVEL OF 2025": "<1700m3",
  "SITUATION": "no stress"
 },
 {
  "DISTRICT NAME": "Dahod",
  "STATE": "gujarat",
  "LEVEL OF 2025": "<1700m3",
  "SITUATION": "no stress"
 },
 {
  "DISTRICT NAME": "Dang",
  "STATE": "gujarat",
  "LEVEL OF 2025": "<1700m3",
  "SITUATION": "no stress"
 },
 {
  "DISTRICT NAME": "Devbhoomi Dwarka",
  "STATE": "gujarat",
  "LEVEL OF 2025": "500-1000m3",
  "SITUATION": "scarcity"
 },
 {
  "DISTRICT NAME": "Gandhinagar",
  "STATE": "gujarat",
  "LEVEL OF 2025": "500-1000m3",
  "SITUATION": "scarcity"
 },
 {
  "DISTRICT NAME": "Gir Somnath",
  "STATE": "gujarat",
  "LEVEL OF 2025": "500-1000m3",
  "SITUATION": "scarcity"
 },
 {
  "DISTRICT NAME": "Jamnagar",
  "STATE": "gujarat",
  "LEVEL OF 2025": "500-1000m3",
  "SITUATION": "scarcity"
 },
 {
  "DISTRICT NAME": "Junagadh",
  "STATE": "gujarat",
  "LEVEL OF 2025": "500-1000m3",
  "SITUATION": "scarcity"
 },
 {
  "DISTRICT NAME": "Kutch",
  "STATE": "gujarat",
  "LEVEL OF 2025": "<1700m3",
  "SITUATION": "no stress"
 },
 {
  "DISTRICT NAME": "Kheda",
  "STATE": "gujarat",
  "LEVEL OF 2025": "500-1000m3",
  "SITUATION": "scarcity"
 },
 {
  "DISTRICT NAME": "Mahisagar",
  "STATE": "gujarat",
  "LEVEL OF 2025": "500-1000m3",
  "SITUATION": "scarcity"
 },
 {
  "DISTRICT NAME": "Mehsana",
  "STATE": "gujarat",
  "LEVEL OF 2025": "<1700m3",
  "SITUATION": "no stress"
 },
 {
  "DISTRICT NAME": "Morbi",
  "STATE": "gujarat",
  "LEVEL OF 2025": "500-1000m3",
  "SITUATION": "scarcity"
 },
 {
  "DISTRICT NAME": "Narmada",
  "STATE": "gujarat",
  "LEVEL OF 2025": "<1700m3",
  "SITUATION": "no stress"
 },
 {
  "DISTRICT NAME": "Navsari",
  "STATE": "gujarat",
  "LEVEL OF 2025": "<1700m3",
  "SITUATION": "no stress"
 },
 {
  "DISTRICT NAME": "Panchmahal",
  "STATE": "gujarat",
  "LEVEL OF 2025": "500-1000m3",
  "SITUATION": "scarcity"
 },
 {
  "DISTRICT NAME": "Patan",
  "STATE": "gujarat",
  "LEVEL OF 2025": "500-1000m3",
  "SITUATION": "scarcity"
 },
 {
  "DISTRICT NAME": "Porbandar",
  "STATE": "gujarat",
  "LEVEL OF 2025": "500-1000m3",
  "SITUATION": "scarcity"
 },
 {
  "DISTRICT NAME": "Rajkot",
  "STATE": "gujarat",
  "LEVEL OF 2025": "500-1000m3",
  "SITUATION": "scarcity"
 },
 {
  "DISTRICT NAME": "Sabarkantha",
  "STATE": "gujarat",
  "LEVEL OF 2025": "500-1000m3",
  "SITUATION": "scarcity"
 },
 {
  "DISTRICT NAME": "Surat",
  "STATE": "gujarat",
  "LEVEL OF 2025": "1000-1700m3",
  "SITUATION": "stress"
 },
 {
  "DISTRICT NAME": "Surendranagar",
  "STATE": "gujarat",
  "LEVEL OF 2025": "500-1000m3",
  "SITUATION": "scarcity"
 },
 {
  "DISTRICT NAME": "Tapi",
  "STATE": "gujarat",
  "LEVEL OF 2025": "<1700m3",
  "SITUATION": "no stress"
 },
 {
  "DISTRICT NAME": "Vadodara",
  "STATE": "gujarat",
  "LEVEL OF 2025": "500-1000m3",
  "SITUATION": "scarcity"
 },
 {
  "DISTRICT NAME": "Valsad",
  "STATE": "gujarat",
  "LEVEL OF 2025": "<1700m3",
  "SITUATION": "no stress"
 },
 {
  "DISTRICT NAME": "Ambala",
  "STATE": "haryana",
  "LEVEL OF 2025": "500-1000m3",
  "SITUATION": "scarcity"
 },
 {
  "DISTRICT NAME": "Fatehabad",
  "STATE": "haryana",
  "LEVEL OF 2025": "500-1000m3",
  "SITUATION": "scarcity"
 },
 {
  "DISTRICT NAME": "Jind",
  "STATE": "haryana",
  "LEVEL OF 2025": "500-1000m3",
  "SITUATION": "scarcity"
 },
 {
  "DISTRICT NAME": "Mahendragarh",
  "STATE": "haryana",
  "LEVEL OF 2025": "500-1000m3",
  "SITUATION": "scarcity"
 },
 {
  "DISTRICT NAME": "Panipat",
  "STATE": "haryana",
  "LEVEL OF 2025": "500-1000m3",
  "SITUATION": "scarcity"
 },
 {
  "DISTRICT NAME": "Sonipat",
  "STATE": "haryana",
  "LEVEL OF 2025": "500-1000m3",
  "SITUATION": "scarcity"
 },
 {
  "DISTRICT NAME": "Faridabad",
  "STATE": "haryana",
  "LEVEL OF 2025": "500-1000m3",
  "SITUATION": "scarcity"
 },
 {
  "DISTRICT NAME": "Jhajjar",
  "STATE": "haryana",
  "LEVEL OF 2025": "500-1000m3",
  "SITUATION": "scarcity"
 },
 {
  "DISTRICT NAME": "Kurukshetra",
  "STATE": "haryana",
  "LEVEL OF 2025": "500-1000m3",
  "SITUATION": "scarcity"
 },
 {
  "DISTRICT NAME": "Panchkula",
  "STATE": "haryana",
  "LEVEL OF 2025": "500-1000m3",
  "SITUATION": "scarcity"
 },
 {
  "DISTRICT NAME": "Sirsa",
  "STATE": "haryana",
  "LEVEL OF 2025": "500-1000m3",
  "SITUATION": "scarcity"
 },
 {
  "DISTRICT NAME": "Charkhi Dadri",
  "STATE": "haryana",
  "LEVEL OF 2025": "500-1000m3",
  "SITUATION": "scarcity"
 },
 {
  "DISTRICT NAME": "Hisar",
  "STATE": "haryana",
  "LEVEL OF 2025": "500-1000m3",
  "SITUATION": "scarcity"
 },
 {
  "DISTRICT NAME": "Karnal",
  "STATE": "haryana",
  "LEVEL OF 2025": "500-1000m3",
  "SITUATION": "scarcity"
 },
 {
  "DISTRICT NAME": "Palwal",
  "STATE": "haryana",
  "LEVEL OF 2025": "500-1000m3",
  "SITUATION": "scarcity"
 },
 {
  "DISTRICT NAME": "Rohtak",
  "STATE": "haryana",
  "LEVEL OF 2025": "500-1000m3",
  "SITUATION": "scarcity"
 },
 {
  "DISTRICT NAME": "Bhiwani",
  "STATE": "haryana",
  "LEVEL OF 2025": "500-1000m3",
  "SITUATION": "scarcity"
 },
 {
  "DISTRICT NAME": "Gurugram",
  "STATE": "haryana",
  "LEVEL OF 2025": "<1700m3",
  "SITUATION": "no stress"
 },
 {
  "DISTRICT NAME": "Kaithal",
  "STATE": "haryana",
  "LEVEL OF 2025": "500-1000m3",
  "SITUATION": "scarcity"
 },
 {
  "DISTRICT NAME": "Nuh",
  "STATE": "haryana",
  "LEVEL OF 2025": "500-1000m3",
  "SITUATION": "scarcity"
 },
 {
  "DISTRICT NAME": "Rewari",
  "STATE": "haryana",
  "LEVEL OF 2025": "500-1000m3",
  "SITUATION": "scarcity"
 },
 {
  "DISTRICT NAME": "Yamunanagar",
  "STATE": "haryana",
  "LEVEL OF 2025": "<1700m3",
  "SITUATION": "no stress"
 },
 {
  "DISTRICT NAME": "Chamba",
  "STATE": "himachal pradesh",
  "LEVEL OF 2025": "500-1000m3",
  "SITUATION": "scarcity"
 },
 {
  "DISTRICT NAME": "Hamirpur",
  "STATE": "himachal pradesh",
  "LEVEL OF 2025": "500-1000m3",
  "SITUATION": "scarcity"
 },
 {
  "DISTRICT NAME": "Lahaul and Spiti",
  "STATE": "himachal pradesh",
  "LEVEL OF 2025": "<1700m3",
  "SITUATION": "no stress"
 },
 {
  "DISTRICT NAME": "Mandi",
  "STATE": "himachal pradesh",
  "LEVEL OF 2025": "500-1000m3",
  "SITUATION": "scarcity"
 },
 {
  "DISTRICT NAME": "Shimla",
  "STATE": "himachal pradesh",
  "LEVEL OF 2025": "500-1000m3",
  "SITUATION": "scarcity"
 },
 {
  "DISTRICT NAME": "Bilaspur",
  "STATE": "himachal pradesh",
  "LEVEL OF 2025": "500-1000m3",
  "SITUATION": "scarcity"
 },
 {
  "DISTRICT NAME": "Kinnaur",
  "STATE": "himachal pradesh",
  "LEVEL OF 2025": "500-1000m3",
  "SITUATION": "scarcity"
 },
 {
  "DISTRICT NAME": "Simraur",
  "STATE": "himachal pradesh",
  "LEVEL OF 2025": "500-1000m3",
  "SITUATION": "scarcity"
 },
 {
  "DISTRICT NAME": "Kullu",
  "STATE": "himachal pradesh",
  "LEVEL OF 2025": "500-1000m3",
  "SITUATION": "scarcity"
 },
 {
  "DISTRICT NAME": "Kangra",
  "STATE": "himachal pradesh",
  "LEVEL OF 2025": "500-1000m3",
  "SITUATION": "scarcity"
 },
 {
  "DISTRICT NAME": "Solan",
  "STATE": "himachal pradesh",
  "LEVEL OF 2025": "500-1000m3",
  "SITUATION": "scarcity"
 },
 {
  "DISTRICT NAME": "Una",
  "STATE": "himachal pradesh",
  "LEVEL OF 2025": "500-1000m3",
  "SITUATION": "scarcity"
 },
 {
  "DISTRICT NAME": "Anantnag",
  "STATE": "jammu and Kashmir",
  "LEVEL OF 2025": "500-1000m3",
  "SITUATION": "scarcity"
 },
 {
  "DISTRICT NAME": "Bandipore",
  "STATE": "jammu and Kashmir",
  "LEVEL OF 2025": "500-1000m3",
  "SITUATION": "scarcity"
 },
 {
  "DISTRICT NAME": "Baramulla",
  "STATE": "jammu and Kashmir",
  "LEVEL OF 2025": "500-1000m3",
  "SITUATION": "scarcity"
 },
 {
  "DISTRICT NAME": "Budgam",
  "STATE": "jammu and Kashmir",
  "LEVEL OF 2025": "500-1000m3",
  "SITUATION": "scarcity"
 },
 {
  "DISTRICT NAME": "Doda",
  "STATE": "jammu and Kashmir",
  "LEVEL OF 2025": "500-1000m3",
  "SITUATION": "scarcity"
 },
 {
  "DISTRICT NAME": "Ganderbal",
  "STATE": "jammu and Kashmir",
  "LEVEL OF 2025": "500-1000m3",
  "SITUATION": "scarcity"
 },
 {
  "DISTRICT NAME": "Jammu",
  "STATE": "jammu and Kashmir",
  "LEVEL OF 2025": "500-1000m3",
  "SITUATION": "scarcity"
 },
 {
  "DISTRICT NAME": "Kathua",
  "STATE": "jammu and Kashmir",
  "LEVEL OF 2025": "500-1000m3",
  "SITUATION": "scarcity"
 },
 {
  "DISTRICT NAME": "Kishtwar",
  "STATE": "jammu and Kashmir",
  "LEVEL OF 2025": "500-1000m3",
  "SITUATION": "scarcity"
 },
 {
  "DISTRICT NAME": "Kulgam",
  "STATE": "jammu and Kashmir",
  "LEVEL OF 2025": "500-1000m3",
  "SITUATION": "scarcity"
 },
 {
  "DISTRICT NAME": "Kupwara",
  "STATE": "jammu and Kashmir",
  "LEVEL OF 2025": "500-1000m3",
  "SITUATION": "scarcity"
 },
 {
  "DISTRICT NAME": "Poonch",
  "STATE": "jammu and Kashmir",
  "LEVEL OF 2025": "<1700m3",
  "SITUATION": "no stress"
 },
 {
  "DISTRICT NAME": "Pulwama",
  "STATE": "jammu and Kashmir",
  "LEVEL OF 2025": "500-1000m3",
  "SITUATION": "scarcity"
 },
 {
  "DISTRICT NAME": "Rajouri",
  "STATE": "jammu and Kashmir",
  "LEVEL OF 2025": "<1700m3",
  "SITUATION": "no stress"
 },
 {
  "DISTRICT NAME": "Ramban",
  "STATE": "jammu and Kashmir",
  "LEVEL OF 2025": "500-1000m3",
  "SITUATION": "scarcity"
 },
 {
  "DISTRICT NAME": "Reasi",
  "STATE": "jammu and Kashmir",
  "LEVEL OF 2025": "500-1000m3",
  "SITUATION": "scarcity"
 },
 {
  "DISTRICT NAME": "Samba",
  "STATE": "jammu and Kashmir",
  "LEVEL OF 2025": "500-1000m3",
  "SITUATION": "scarcity"
 },
 {
  "DISTRICT NAME": "Shopian",
  "STATE": "jammu and Kashmir",
  "LEVEL OF 2025": "<1700m3",
  "SITUATION": "no stress"
 },
 {
  "DISTRICT NAME": "Srinagar",
  "STATE": "jammu and Kashmir",
  "LEVEL OF 2025": "500-1000m3",
  "SITUATION": "scarcity"
 },
 {
  "DISTRICT NAME": "Udhampur",
  "STATE": "jammu and Kashmir",
  "LEVEL OF 2025": "500-1000m3",
  "SITUATION": "scarcity"
 },
 {
  "DISTRICT NAME": "Bokaro",
  "STATE": "Jharkhand",
  "LEVEL OF 2025": "500-1000m3",
  "SITUATION": "scarcity"
 },
 {
  "DISTRICT NAME": "Chatra",
  "STATE": "Jharkhand",
  "LEVEL OF 2025": "500-1000m3",
  "SITUATION": "scarcity"
 },
 {
  "DISTRICT NAME": "Deoghar",
  "STATE": "Jharkhand",
  "LEVEL OF 2025": "500-1000m3",
  "SITUATION": "scarcity"
 },
 {
  "DISTRICT NAME": "Dhanbad",
  "STATE": "Jharkhand",
  "LEVEL OF 2025": "500-1000m3",
  "SITUATION": "scarcity"
 },
 {
  "DISTRICT NAME": "Dumka",
  "STATE": "Jharkhand",
  "LEVEL OF 2025": "500-1000m3",
  "SITUATION": "scarcity"
 },
 {
  "DISTRICT NAME": "East Singhbhum",
  "STATE": "Jharkhand",
  "LEVEL OF 2025": "<1700m3",
  "SITUATION": "no stress"
 },
 {
  "DISTRICT NAME": "Garhwa",
  "STATE": "Jharkhand",
  "LEVEL OF 2025": "500-1000m3",
  "SITUATION": "scarcity"
 },
 {
  "DISTRICT NAME": "Giridih",
  "STATE": "Jharkhand",
  "LEVEL OF 2025": "500-1000m3",
  "SITUATION": "scarcity"
 },
 {
  "DISTRICT NAME": "Godda",
  "STATE": "Jharkhand",
  "LEVEL OF 2025": "500-1000m3",
  "SITUATION": "scarcity"
 },
 {
  "DISTRICT NAME": "Gumla",
  "STATE": "Jharkhand",
  "LEVEL OF 2025": "<1700m3",
  "SITUATION": "no stress"
 },
 {
  "DISTRICT NAME": "Hazaribagh",
  "STATE": "Jharkhand",
  "LEVEL OF 2025": "500-1000m3",
  "SITUATION": "scarcity"
 },
 {
  "DISTRICT NAME": "Jamtara",
  "STATE": "Jharkhand",
  "LEVEL OF 2025": "500-1000m3",
  "SITUATION": "scarcity"
 },
 {
  "DISTRICT NAME": "Khunti",
  "STATE": "Jharkhand",
  "LEVEL OF 2025": "<1700m3",
  "SITUATION": "no stress"
 },
 {
  "DISTRICT NAME": "Kodarma",
  "STATE": "Jharkhand",
  "LEVEL OF 2025": "<1700m3",
  "SITUATION": "no stress"
 },
 {
  "DISTRICT NAME": "Latehar",
  "STATE": "Jharkhand",
  "LEVEL OF 2025": "500-1000m3",
  "SITUATION": "scarcity"
 },
 {
  "DISTRICT NAME": "Lohardaga",
  "STATE": "Jharkhand",
  "LEVEL OF 2025": "<1700m3",
  "SITUATION": "no stress"
 },
 {
  "DISTRICT NAME": "Pakur",
  "STATE": "Jharkhand",
  "LEVEL OF 2025": "500-1000m3",
  "SITUATION": "scarcity"
 },
 {
  "DISTRICT NAME": "Palamu",
  "STATE": "Jharkhand",
  "LEVEL OF 2025": "500-1000m3",
  "SITUATION": "scarcity"
 },
 {
  "DISTRICT NAME": "Ramgarh",
  "STATE": "Jharkhand",
  "LEVEL OF 2025": "500-1000m3",
  "SITUATION": "scarcity"
 },
 {
  "DISTRICT NAME": "Ranchi",
  "STATE": "Jharkhand",
  "LEVEL OF 2025": "500-1000m3",
  "SITUATION": "scarcity"
 },
 {
  "DISTRICT NAME": "Sahibganj",
  "STATE": "Jharkhand",
  "LEVEL OF 2025": "500-1000m3",
  "SITUATION": "scarcity"
 },
 {
  "DISTRICT NAME": "Saraikela Kharsawan",
  "STATE": "Jharkhand",
  "LEVEL OF 2025": "<1700m3",
  "SITUATION": "no stress"
 },
 {
  "DISTRICT NAME": "Simdega",
  "STATE": "Jharkhand",
  "LEVEL OF 2025": "<1700m3",
  "SITUATION": "no stress"
 },
 {
  "DISTRICT NAME": "West Singhbhum",
  "STATE": "Jharkhand",
  "LEVEL OF 2025": "<1700m3",
  "SITUATION": "no stress"
 },
 {
  "DISTRICT NAME": "kargil",
  "STATE": "ladakh",
  "LEVEL OF 2025": "500-1000m3",
  "SITUATION": "scarcity"
 },
 {
  "DISTRICT NAME": "leh",
  "STATE": "ladakh",
  "LEVEL OF 2025": "500-1000m3",
  "SITUATION": "scarcity"
 },
 {
  "DISTRICT NAME": "Hoshangabad",
  "STATE": "madhya pradesh",
  "LEVEL OF 2025": "<1700m3",
  "SITUATION": "no stress"
 },
 {
  "DISTRICT NAME": "Bhopal",
  "STATE": "madhya pradesh",
  "LEVEL OF 2025": "500-1000m3",
  "SITUATION": "scarcity"
 },
 {
  "DISTRICT NAME": "Agar Malwa",
  "STATE": "madhya pradesh",
  "LEVEL OF 2025": "500-1000m3",
  "SITUATION": "scarcity"
 },
 {
  "DISTRICT NAME": "Alirajpur",
  "STATE": "madhya pradesh",
  "LEVEL OF 2025": "<1700m3",
  "SITUATION": "no stress"
 },
 {
  "DISTRICT NAME": "Anuppur",
  "STATE": "madhya pradesh",
  "LEVEL OF 2025": "500-1000m3",
  "SITUATION": "scarcity"
 },
 {
  "DISTRICT NAME": "Ashoknagar",
  "STATE": "madhya pradesh",
  "LEVEL OF 2025": "<1700m3",
  "SITUATION": "no stress"
 },
 {
  "DISTRICT NAME": "Balaghat",
  "STATE": "madhya pradesh",
  "LEVEL OF 2025": "1000-1700m3",
  "SITUATION": "stress"
 },
 {
  "DISTRICT NAME": "Barwani",
  "STATE": "madhya pradesh",
  "LEVEL OF 2025": "<1700m3",
  "SITUATION": "no stress"
 },
 {
  "DISTRICT NAME": "Betul",
  "STATE": "madhya pradesh",
  "LEVEL OF 2025": "1000-1700m3",
  "SITUATION": "stress"
 },
 {
  "DISTRICT NAME": "Bhind",
  "STATE": "madhya pradesh",
  "LEVEL OF 2025": "500-1000m3",
  "SITUATION": "scarcity"
 },
 {
  "DISTRICT NAME": "Burhanpur",
  "STATE": "madhya pradesh",
  "LEVEL OF 2025": "1000-1700m3",
  "SITUATION": "stress"
 },
 {
  "DISTRICT NAME": "Chhatarpur",
  "STATE": "madhya pradesh",
  "LEVEL OF 2025": "500-1000m3",
  "SITUATION": "scarcity"
 },
 {
  "DISTRICT NAME": "Chhindwara",
  "STATE": "madhya pradesh",
  "LEVEL OF 2025": "1000-1700m3",
  "SITUATION": "stress"
 },
 {
  "DISTRICT NAME": "Damoh",
  "STATE": "madhya pradesh",
  "LEVEL OF 2025": "<1700m3",
  "SITUATION": "no stress"
 },
 {
  "DISTRICT NAME": "Datia",
  "STATE": "madhya pradesh",
  "LEVEL OF 2025": "500-1000m3",
  "SITUATION": "scarcity"
 },
 {
  "DISTRICT NAME": "Dewas",
  "STATE": "madhya pradesh",
  "LEVEL OF 2025": "<1700m3",
  "SITUATION": "no stress"
 },
 {
  "DISTRICT NAME": "Dhar",
  "STATE": "madhya pradesh",
  "LEVEL OF 2025": "<1700m3",
  "SITUATION": "no stress"
 },
 {
  "DISTRICT NAME": "Dindori",
  "STATE": "madhya pradesh",
  "LEVEL OF 2025": "<1700m3",
  "SITUATION": "no stress"
 },
 {
  "DISTRICT NAME": "Guna",
  "STATE": "madhya pradesh",
  "LEVEL OF 2025": "500-1000m3",
  "SITUATION": "scarcity"
 },
 {
  "DISTRICT NAME": "Gwalior",
  "STATE": "madhya pradesh",
  "LEVEL OF 2025": "500-1000m3",
  "SITUATION": "scarcity"
 },
 {
  "DISTRICT NAME": "Harda",
  "STATE": "madhya pradesh",
  "LEVEL OF 2025": "<1700m3",
  "SITUATION": "no stress"
 },
 {
  "DISTRICT NAME": "Indore",
  "STATE": "madhya pradesh",
  "LEVEL OF 2025": "500-1000m3",
  "SITUATION": "scarcity"
 },
 {
  "DISTRICT NAME": "Jabalpur",
  "STATE": "madhya pradesh",
  "LEVEL OF 2025": "<1700m3",
  "SITUATION": "no stress"
 },
 {
  "DISTRICT NAME": "Jhabua",
  "STATE": "madhya pradesh",
  "LEVEL OF 2025": "500-1000m3",
  "SITUATION": "scarcity"
 },
 {
  "DISTRICT NAME": "Katni",
  "STATE": "madhya pradesh",
  "LEVEL OF 2025": "500-1000m3",
  "SITUATION": "scarcity"
 },
 {
  "DISTRICT NAME": "Khandwa",
  "STATE": "madhya pradesh",
  "LEVEL OF 2025": "<1700m3",
  "SITUATION": "no stress"
 },
 {
  "DISTRICT NAME": "Khargone",
  "STATE": "madhya pradesh",
  "LEVEL OF 2025": "<1700m3",
  "SITUATION": "no stress"
 },
 {
  "DISTRICT NAME": "Mandla",
  "STATE": "madhya pradesh",
  "LEVEL OF 2025": "<1700m3",
  "SITUATION": "no stress"
 },
 {
  "DISTRICT NAME": "Mandsaur",
  "STATE": "madhya pradesh",
  "LEVEL OF 2025": "500-1000m3",
  "SITUATION": "scarcity"
 },
 {
  "DISTRICT NAME": "Morena",
  "STATE": "madhya pradesh",
  "LEVEL OF 2025": "500-1000m3",
  "SITUATION": "scarcity"
 },
 {
  "DISTRICT NAME": "Narmadapuram",
  "STATE": "madhya pradesh",
  "LEVEL OF 2025": "500-1000m3",
  "SITUATION": "scarcity"
 },
 {
  "DISTRICT NAME": "Narsinghpur",
  "STATE": "madhya pradesh",
  "LEVEL OF 2025": "<1700m3",
  "SITUATION": "no stress"
 },
 {
  "DISTRICT NAME": "Neemuch",
  "STATE": "madhya pradesh",
  "LEVEL OF 2025": "500-1000m3",
  "SITUATION": "scarcity"
 },
 {
  "DISTRICT NAME": "Niwari",
  "STATE": "madhya pradesh",
  "LEVEL OF 2025": "500-1000m3",
  "SITUATION": "scarcity"
 },
 {
  "DISTRICT NAME": "Panna",
  "STATE": "madhya pradesh",
  "LEVEL OF 2025": "500-1000m3",
  "SITUATION": "scarcity"
 },
 {
  "DISTRICT NAME": "Raisen",
  "STATE": "madhya pradesh",
  "LEVEL OF 2025": "<1700m3",
  "SITUATION": "no stress"
 },
 {
  "DISTRICT NAME": "Rajgarh",
  "STATE": "madhya pradesh",
  "LEVEL OF 2025": "500-1000m3",
  "SITUATION": "scarcity"
 },
 {
  "DISTRICT NAME": "Ratlam",
  "STATE": "madhya pradesh",
  "LEVEL OF 2025": "500-1000m3",
  "SITUATION": "scarcity"
 },
 {
  "DISTRICT NAME": "Rewa",
  "STATE": "madhya pradesh",
  "LEVEL OF 2025": "500-1000m3",
  "SITUATION": "scarcity"
 },
 {
  "DISTRICT NAME": "Sagar",
  "STATE": "madhya pradesh",
  "LEVEL OF 2025": "500-1000m3",
  "SITUATION": "scarcity"
 },
 {
  "DISTRICT NAME": "Satna",
  "STATE": "madhya pradesh",
  "LEVEL OF 2025": "500-1000m3",
  "SITUATION": "scarcity"
 },
 {
  "DISTRICT NAME": "Sehore",
  "STATE": "madhya pradesh",
  "LEVEL OF 2025": "<1700m3",
  "SITUATION": "no stress"
 },
 {
  "DISTRICT NAME": "Seoni",
  "STATE": "madhya pradesh",
  "LEVEL OF 2025": "1000-1700m3",
  "SITUATION": "stress"
 },
 {
  "DISTRICT NAME": "Shahdol",
  "STATE": "madhya pradesh",
  "LEVEL OF 2025": "500-1000m3",
  "SITUATION": "scarcity"
 },
 {
  "DISTRICT NAME": "Shajapur",
  "STATE": "madhya pradesh",
  "LEVEL OF 2025": "500-1000m3",
  "SITUATION": "scarcity"
 },
 {
  "DISTRICT NAME": "Sheopur",
  "STATE": "madhya pradesh",
  "LEVEL OF 2025": "500-1000m3",
  "SITUATION": "scarcity"
 },
 {
  "DISTRICT NAME": "Shivpuri",
  "STATE": "madhya pradesh",
  "LEVEL OF 2025": "500-1000m3",
  "SITUATION": "scarcity"
 },
 {
  "DISTRICT NAME": "Sidhi",
  "STATE": "madhya pradesh",
  "LEVEL OF 2025": "500-1000m3",
  "SITUATION": "scarcity"
 },
 {
  "DISTRICT NAME": "Singrauli",
  "STATE": "madhya pradesh",
  "LEVEL OF 2025": "500-1000m3",
  "SITUATION": "scarcity"
 },
 {
  "DISTRICT NAME": "Tikamgarh",
  "STATE": "madhya pradesh",
  "LEVEL OF 2025": "500-1000m3",
  "SITUATION": "scarcity"
 },
 {
  "DISTRICT NAME": "Ujjain",
  "STATE": "madhya pradesh",
  "LEVEL OF 2025": "500-1000m3",
  "SITUATION": "scarcity"
 },
 {
  "DISTRICT NAME": "Umaria",
  "STATE": "madhya pradesh",
  "LEVEL OF 2025": "500-1000m3",
  "SITUATION": "scarcity"
 },
 {
  "DISTRICT NAME": "Vidisha",
  "STATE": "madhya pradesh",
  "LEVEL OF 2025": "500-1000m3",
  "SITUATION": "scarcity"
 }
]